Timestamp,First Name,Shot Distance (feet),Shot Made?
10/18/2023 10:51:01,David,10,FALSE
10/18/2023 10:53:00,David,10,TRUE
10/18/2023 13:38:16,MG,8,TRUE
10/18/2023 13:38:25,MG,8,FALSE
10/18/2023 13:38:33,MG,8,FALSE
10/18/2023 13:38:40,MG,8,TRUE
10/18/2023 13:53:05,MG,8,TRUE
10/18/2023 13:53:15,MG,10,TRUE
10/18/2023 13:53:22,MG,10,TRUE
10/20/2023 9:05:25,LN,8,FALSE
10/20/2023 9:05:28,NP,10,FALSE
10/20/2023 9:05:45,Tainy,2,TRUE
10/20/2023 9:05:51,MPT,4,FALSE
10/20/2023 9:05:53,AD,10,FALSE
10/20/2023 9:05:57,Lesley,4,TRUE
10/20/2023 9:05:57,AT,6,FALSE
10/20/2023 9:05:58,SB,8,FALSE
10/20/2023 9:06:02,KELVIN,8,FALSE
10/20/2023 9:06:07,Michelle,6,FALSE
10/20/2023 9:07:09,MG,10,FALSE
10/20/2023 9:07:15,MG,2,TRUE
10/20/2023 9:07:24,VSS,4,FALSE
10/20/2023 9:07:35,C.Z.,4,TRUE
10/20/2023 9:07:50,Annamaria,2,FALSE
10/20/2023 9:08:45,Anna ,4,FALSE
10/20/2023 9:21:32,Josip,2,TRUE
10/20/2023 9:50:11,Stefano,10,TRUE
10/20/2023 9:50:23,NP,4,TRUE
10/20/2023 9:50:28,Stefano,8,TRUE
10/20/2023 9:50:32,MPT,4,TRUE
10/20/2023 9:50:42,AT,2,TRUE
10/20/2023 9:50:43,MPT,4,FALSE
10/20/2023 9:50:51,SB,4,TRUE
10/20/2023 9:50:52,Tainy,8,FALSE
10/20/2023 9:50:53,MPT,4,FALSE
10/20/2023 9:50:53,LN,8,FALSE
10/20/2023 9:50:55,C.Z.,4,TRUE
10/20/2023 9:50:55,AD,4,FALSE
10/20/2023 9:51:15,KELVIN,4,FALSE
10/20/2023 9:51:17,VSS,2,TRUE
10/20/2023 9:51:41,Annamaria,2,TRUE
10/20/2023 9:51:59,Michelle,8,FALSE
10/20/2023 9:53:17,Stefano,10,FALSE
10/20/2023 9:53:29,Stefano,10,FALSE
10/20/2023 9:53:40,Stefano,10,FALSE
10/20/2023 9:53:54,Stefano,10,FALSE
10/20/2023 9:54:00,Lesley,4,TRUE
10/20/2023 9:54:05,Stefano,10,TRUE
10/20/2023 9:54:08,Anna,2,TRUE
11/8/2023 13:21:56,Meagan,2,FALSE
11/8/2023 13:21:57,Jordan,2,FALSE
11/8/2023 13:22:13,Jordan,4,FALSE
11/8/2023 13:22:20,Jessica,2,TRUE
11/8/2023 13:22:28,John,4,FALSE
11/8/2023 13:22:34,Bill ,10,TRUE
11/8/2023 13:22:36,Imran ,4,FALSE
11/8/2023 13:22:47,Grorge,2,FALSE
11/8/2023 13:22:55,Benjie,4,FALSE
11/8/2023 13:22:58,Greg,10,FALSE
11/8/2023 13:22:59,Scott,2,FALSE
11/8/2023 13:23:03,John,4,TRUE
11/8/2023 13:23:08,Nathan,8,FALSE
11/8/2023 13:23:09,Rebecca,8,TRUE
11/8/2023 13:23:09,Bill,8,FALSE
11/8/2023 13:23:09,Bernadette ,8,FALSE
11/8/2023 13:23:12,Kirsten,6,FALSE
11/8/2023 13:23:26,Alina,8,FALSE
11/8/2023 13:23:28,Nathan,2,TRUE
11/8/2023 13:23:29,Mark,6,TRUE
11/8/2023 13:23:35,Bill,4,TRUE
11/8/2023 13:23:36,Kylie,10,FALSE
11/8/2023 13:23:36,Don,2,FALSE
11/8/2023 13:23:40,Benjie,2,FALSE
11/8/2023 13:23:42,Simon,10,TRUE
11/8/2023 13:23:45,Carolyn ,2,TRUE
11/8/2023 13:23:47,Bill,4,FALSE
11/8/2023 13:23:50,Simon,10,TRUE
11/8/2023 13:23:52,Terry,8,TRUE
11/8/2023 13:23:53,Benjie,10,FALSE
11/8/2023 13:23:54,Rolland,8,TRUE
11/8/2023 13:23:54,Scooter,2,FALSE
11/8/2023 13:23:55,Bill,10,TRUE
11/8/2023 13:23:55,John,4,TRUE
11/8/2023 13:23:59,Simon,10,TRUE
11/8/2023 13:24:01,Mike,8,FALSE
11/8/2023 13:24:02,Dean,6,FALSE
11/8/2023 13:24:03,Benjie,6,TRUE
11/8/2023 13:24:05,Bernadette ,2,TRUE
11/8/2023 13:24:07,Bill,10,TRUE
11/8/2023 13:24:08,John,4,FALSE
11/8/2023 13:24:09,Grant ,4,FALSE
11/8/2023 13:24:10,Mark,6,TRUE
11/8/2023 13:24:10,Scooter ,4,FALSE
11/8/2023 13:24:11,Brad,6,FALSE
11/8/2023 13:24:12,Mike,8,FALSE
11/8/2023 13:24:13,Benjie,4,TRUE
11/8/2023 13:24:17,Marco,6,TRUE
11/8/2023 13:24:17,Pooja,6,FALSE
11/8/2023 13:24:17,Terry ,8,FALSE
11/8/2023 13:24:17,Bill,10,TRUE
11/8/2023 13:24:18,Mark,6,FALSE
11/8/2023 13:24:20,Dean,6,FALSE
11/8/2023 13:24:20,Grant,4,TRUE
11/8/2023 13:24:20,Scooter ,6,FALSE
11/8/2023 13:24:21,Heoff,2,TRUE
11/8/2023 13:24:21,Benjie,2,TRUE
11/8/2023 13:24:23,IT dept,2,FALSE
11/8/2023 13:24:23,Brad,10,FALSE
11/8/2023 13:24:24,Ryan,10,FALSE
11/8/2023 13:24:25,Kelly,4,FALSE
11/8/2023 13:24:28,Bernadette ,8,FALSE
11/8/2023 13:24:29,Kobe,10,TRUE
11/8/2023 13:24:29,Grant,8,FALSE
11/8/2023 13:24:29,Ryan,4,FALSE
11/8/2023 13:24:30,Scott,8,FALSE
11/8/2023 13:24:30,Mike,8,FALSE
11/8/2023 13:24:31,Geoff,2,TRUE
11/8/2023 13:24:35,Dean,4,TRUE
11/8/2023 13:24:35,IT dept,2,FALSE
11/8/2023 13:24:38,Lebron,10,TRUE
11/8/2023 13:24:40,Grant,8,TRUE
11/8/2023 13:24:40,Bernadette ,2,TRUE
11/8/2023 13:24:40,Breanna ,2,TRUE
11/8/2023 13:24:43,Mike,10,FALSE
11/8/2023 13:24:44,Dustin,8,FALSE
11/8/2023 13:24:44,Rolland,2,FALSE
11/8/2023 13:24:45,IT dept,10,FALSE
11/8/2023 13:24:49,Dirk,10,FALSE
11/8/2023 13:24:49,Bernadette ,2,FALSE
11/8/2023 13:24:53,Ishruna,8,FALSE
11/8/2023 13:24:54,Dustin,10,FALSE
11/8/2023 13:24:56,Julie,2,TRUE
11/8/2023 13:24:56,Rolland,4,FALSE
11/8/2023 13:24:57,IT dept,6,FALSE
11/8/2023 13:24:58,Kobe,10,TRUE
11/8/2023 13:25:07,Scott,8,FALSE
11/8/2023 13:25:08,Kobe,10,TRUE
11/8/2023 13:25:08,IT dept,4,FALSE
11/8/2023 13:25:09,Kevin,6,TRUE
11/8/2023 13:25:11,Bernadette ,4,TRUE
11/8/2023 13:25:11,Terry ,8,FALSE
11/8/2023 13:25:13,Riley,4,FALSE
11/8/2023 13:25:15,Kobe,10,TRUE
11/8/2023 13:25:17,Scott,10,FALSE
11/8/2023 13:25:18,Dennis,2,TRUE
11/8/2023 13:25:20,IT dept,2,FALSE
11/8/2023 13:25:20,Rolland,6,FALSE
11/8/2023 13:25:21,Daryl,6,FALSE
11/8/2023 13:25:22,Kobe,10,TRUE
11/8/2023 13:25:24,Scott,2,FALSE
11/8/2023 13:25:24,Bernadette ,8,FALSE
11/8/2023 13:25:26,Terry ,8,TRUE
11/8/2023 13:25:27,kirsten,6,TRUE
11/8/2023 13:25:29,Kobe,8,TRUE
11/8/2023 13:25:30,IT dept,8,TRUE
11/8/2023 13:25:31,Scott,6,FALSE
11/8/2023 13:25:33,Riley,10,FALSE
11/8/2023 13:25:35,John,4,TRUE
11/8/2023 13:25:35,Daryl,6,FALSE
11/8/2023 13:25:37,kirsten,8,FALSE
11/8/2023 13:25:37,Alina,4,TRUE
11/8/2023 13:25:38,Kobe,6,TRUE
11/8/2023 13:25:38,I,8,FALSE
11/8/2023 13:25:38,David,4,TRUE
11/8/2023 13:25:38,Scott,8,FALSE
11/8/2023 13:25:41,Divine,6,FALSE
11/8/2023 13:25:41,IT dept,10,FALSE
11/8/2023 13:25:43,Riley,10,FALSE
11/8/2023 13:25:45,Daryl,6,FALSE
11/8/2023 13:25:45,Kobe,4,TRUE
11/8/2023 13:25:46,kirsten,8,TRUE
11/8/2023 13:25:46,Scott,2,FALSE
11/8/2023 13:25:47,Bernadette ,10,FALSE
11/8/2023 13:25:50,Omar,4,TRUE
11/8/2023 13:25:51,Divine,2,TRUE
11/8/2023 13:25:52,John,4,TRUE
11/8/2023 13:25:52,IT dept,2,FALSE
11/8/2023 13:25:53,David,2,TRUE
11/8/2023 13:25:54,David ,4,FALSE
11/8/2023 13:25:55,Scott,2,FALSE
11/8/2023 13:25:56,Terry,8,TRUE
11/8/2023 13:25:58,Kate,10,FALSE
11/8/2023 13:25:59,Divine,2,FALSE
11/8/2023 13:26:02,Bernadette ,10,FALSE
11/8/2023 13:26:02,John,4,TRUE
11/8/2023 13:26:05,Terry ,8,FALSE
11/8/2023 13:26:06,Mac,6,TRUE
11/8/2023 13:26:06,Scott,4,FALSE
11/8/2023 13:26:11,David,4,FALSE
11/8/2023 13:26:13,John,4,TRUE
11/8/2023 13:26:15,Kal,6,TRUE
11/8/2023 13:26:15,Scott,2,FALSE
11/8/2023 13:26:17,David ,4,FALSE
11/8/2023 13:26:30,John,4,TRUE
11/8/2023 13:26:33,Dave,2,TRUE
11/8/2023 13:26:33,David ,4,FALSE
11/8/2023 13:26:42,Dave,2,TRUE
11/8/2023 13:26:48,Barry,10,FALSE
11/8/2023 13:26:52,John,4,TRUE
11/8/2023 13:26:57,Dave,6,FALSE
11/8/2023 13:27:04,John,4,FALSE
11/8/2023 13:27:14,John,4,FALSE
11/8/2023 13:27:26,John,4,TRUE
11/8/2023 13:27:37,John,4,TRUE
11/8/2023 13:28:28,Brad,8,TRUE
11/8/2023 13:28:36,Brad,8,FALSE
11/8/2023 13:28:47,Brad,8,FALSE
11/8/2023 13:44:37,Gurm,2,TRUE
11/13/2023 8:26:36,PB,4,TRUE
11/13/2023 8:26:44,PB,6,TRUE
11/14/2023 7:46:14,PB,2,TRUE
11/14/2023 8:17:07,mubarak ,10,FALSE
11/14/2023 8:17:19,jacob,10,FALSE
11/14/2023 8:17:29,benjamin ,10,FALSE
11/14/2023 8:17:55,jhustin,2,TRUE
11/14/2023 8:18:02,J.G,10,FALSE
11/14/2023 8:18:08,Joshua G,10,FALSE
11/14/2023 8:18:15,Jhustin ,4,TRUE
11/14/2023 8:18:34,Joshua G,8,FALSE
11/14/2023 8:18:38,Jhustin ,6,TRUE
11/14/2023 8:18:45,Jether,4,TRUE
11/14/2023 8:18:49,benjamin ,8,FALSE
11/14/2023 8:18:53,Jhustin,8,TRUE
11/14/2023 8:19:01,mubarak ,8,FALSE
11/14/2023 8:19:22,J.G,8,FALSE
11/14/2023 8:19:52,mubarak ,6,FALSE
11/14/2023 8:20:06,ben,6,TRUE
11/14/2023 8:20:12,Nico,10,TRUE
11/14/2023 8:20:22,Adrianna,6,TRUE
11/14/2023 8:20:23,Nico,10,TRUE
11/14/2023 8:20:28,josh,6,FALSE
11/14/2023 8:20:31,Jether,2,TRUE
11/14/2023 8:20:32,Nico,10,TRUE
11/14/2023 8:20:40,Jether,6,FALSE
11/14/2023 8:20:40,Nico,10,FALSE
11/14/2023 8:20:41,dyaln,6,TRUE
11/14/2023 8:20:47,Nico,10,FALSE
11/14/2023 8:20:48,Jether,8,TRUE
11/14/2023 8:20:56,Jether,10,FALSE
11/14/2023 8:21:16,Adrianna,4,TRUE
11/14/2023 8:21:36,Adrianna,10,FALSE
11/14/2023 8:21:43, Hope,10,TRUE
11/14/2023 8:21:43,josh,4,FALSE
11/14/2023 8:21:43,Adrianna,8,FALSE
11/14/2023 8:21:59,Nico,10,FALSE
11/14/2023 8:22:01,Sophia ,8,TRUE
11/14/2023 8:22:10,Adrianna,8,FALSE
11/14/2023 8:22:12,m.o,4,TRUE
11/14/2023 8:22:13,Edgar,10,TRUE
11/14/2023 8:22:13,Nico,10,TRUE
11/14/2023 8:22:27,Edgar,2,TRUE
11/14/2023 8:22:31,Marjorie ,4,TRUE
11/14/2023 8:22:32,Francisco,10,TRUE
11/14/2023 8:22:36,Edgar,4,TRUE
11/14/2023 8:22:38,Adrianna,2,TRUE
11/14/2023 8:22:44,ben,4,FALSE
11/14/2023 8:22:44,Nico,10,TRUE
11/14/2023 8:22:45,Francisco,2,TRUE
11/14/2023 8:22:46,Edgar,6,FALSE
11/14/2023 8:22:57,Francisco,4,TRUE
11/14/2023 8:23:02,Edgar,8,FALSE
11/14/2023 8:23:02,Ava,2,TRUE
11/14/2023 8:23:03,Nico,10,FALSE
11/14/2023 8:23:03,dylan,2,TRUE
11/14/2023 8:23:10,Francisco,6,TRUE
11/14/2023 8:23:11,josh,2,TRUE
11/14/2023 8:23:19,Francisco,8,FALSE
11/14/2023 8:23:21,Adrianna,10,FALSE
11/14/2023 8:23:22,m.o,2,TRUE
11/14/2023 8:23:23,Ava,8,TRUE
11/14/2023 8:23:33,Ava ,4,FALSE
11/14/2023 8:23:42,ben,2,FALSE
11/14/2023 8:23:44,Ava,6,FALSE
11/14/2023 8:23:46,Marina C,4,TRUE
11/14/2023 8:23:51,Naya,2,TRUE
11/14/2023 8:23:55,Ava ,10,FALSE
11/14/2023 8:24:01,Naya,4,TRUE
11/14/2023 8:24:04,dylan,2,TRUE
11/14/2023 8:24:05,Marina C,4,FALSE
11/14/2023 8:24:05,Hope ,4,FALSE
11/14/2023 8:24:06,R.M,2,TRUE
11/14/2023 8:24:06,Nico,10,TRUE
11/14/2023 8:24:09,Naya,10,FALSE
11/14/2023 8:24:15,Marina C,4,FALSE
11/14/2023 8:24:20,Naya,8,FALSE
11/14/2023 8:24:21,Hope,6,FALSE
11/14/2023 8:24:26,Marina C,4,TRUE
11/14/2023 8:24:30,R.M,4,TRUE
11/14/2023 8:24:34,Hope,2,TRUE
11/14/2023 8:24:36,Marina C,4,FALSE
11/14/2023 8:25:01,R.M,8,FALSE
11/14/2023 8:25:11,Marjorie ,2,TRUE
11/14/2023 8:25:13,R.M,8,TRUE
11/14/2023 8:25:21,dylan,10,TRUE
11/14/2023 8:25:24,R.M,10,TRUE
11/14/2023 8:25:31,Marjorie ,6,TRUE
11/14/2023 8:25:33,R.M,10,FALSE
11/14/2023 8:25:40,Marjorie ,8,FALSE
11/14/2023 8:25:48,R.M,10,FALSE
11/14/2023 8:25:53,Marjorie ,10,FALSE
11/14/2023 8:25:55,Naya,8,FALSE
11/14/2023 8:26:08,Sophia ,2,TRUE
11/14/2023 8:26:09,R.M,10,TRUE
11/14/2023 8:26:10,Naya,2,TRUE
11/14/2023 8:26:26,R.M,10,FALSE
11/14/2023 8:26:28,Sophia ,4,TRUE
11/14/2023 8:26:31,Naya,10,FALSE
11/14/2023 8:26:35,Sophia ,6,TRUE
11/14/2023 8:26:39,R.M,8,TRUE
11/14/2023 8:26:46,Sophia ,8,FALSE
11/14/2023 8:28:00,Jether,6,TRUE
11/14/2023 8:28:11,Jether ,8,TRUE
11/14/2023 8:28:18,Jether,4,TRUE
11/14/2023 8:59:17,ben ,10,FALSE
11/14/2023 8:59:31,dylan ,10,FALSE
11/14/2023 8:59:45,josh ,10,FALSE
11/14/2023 9:00:01,m.o,10,FALSE
11/14/2023 9:00:20,Sophia,2,TRUE
11/14/2023 9:00:25,Alejandro,10,FALSE
11/14/2023 9:00:27,Sophia,4,TRUE
11/14/2023 9:00:32,Marina C,6,FALSE
11/14/2023 9:00:34,ben,8,FALSE
11/14/2023 9:00:40,Sophia,6,FALSE
11/14/2023 9:00:45,dylan ,8,FALSE
11/14/2023 9:00:51,Marina C,6,TRUE
11/14/2023 9:00:51,Naya,10,FALSE
11/14/2023 9:00:55,Sophia,8,TRUE
11/14/2023 9:00:59,Marina C,6,TRUE
11/14/2023 9:01:02,josh ,8,FALSE
11/14/2023 9:01:03,Sophia,10,TRUE
11/14/2023 9:01:10,Adrianna,6,FALSE
11/14/2023 9:01:13,m.o,8,FALSE
11/14/2023 9:01:23,Marjorie,2,TRUE
11/14/2023 9:01:31,ben,6,FALSE
11/14/2023 9:01:31,Marjorie,4,FALSE
11/14/2023 9:01:32,Adrianna,2,TRUE
11/14/2023 9:01:41,Naya,6,FALSE
11/14/2023 9:01:44,dylan ,6,FALSE
11/14/2023 9:01:54,josh ,6,FALSE
11/14/2023 9:01:59,Naya,8,FALSE
11/14/2023 9:02:02,Marjorie,6,FALSE
11/14/2023 9:02:14,Naya,2,TRUE
11/14/2023 9:02:16,Marjorie,8,TRUE
11/14/2023 9:02:22,Nico,10,FALSE
11/14/2023 9:02:23,Jether,6,TRUE
11/14/2023 9:02:29,Marjorie,10,FALSE
11/14/2023 9:02:29,Nico,10,FALSE
11/14/2023 9:02:34,Francisco,10,FALSE
11/14/2023 9:02:40,Francisco,10,FALSE
11/14/2023 9:02:42,Nico,10,FALSE
11/14/2023 9:02:50,Francisco,10,FALSE
11/14/2023 9:02:52,Nico,10,FALSE
11/14/2023 9:03:16,R.M,10,FALSE
11/14/2023 9:03:21,Naya,2,TRUE
11/14/2023 9:03:28,R.M,10,FALSE
11/14/2023 9:03:37,R.M,2,TRUE
11/14/2023 9:03:46,R.M,10,FALSE
11/14/2023 9:03:57,R.M,10,FALSE
11/14/2023 9:23:26,mubarak ,10,FALSE
11/14/2023 9:23:38,josh,10,FALSE
11/14/2023 9:23:49,Hope,2,TRUE
11/14/2023 9:24:01,Hope,4,TRUE
11/14/2023 9:24:03,Dylan ,10,FALSE
11/14/2023 9:24:16,Hope,6,TRUE
11/14/2023 9:24:32,Hope,8,FALSE
11/14/2023 9:24:43,ben ,10,FALSE
11/14/2023 9:24:45,Hope,10,TRUE
11/14/2023 9:25:15,naya,2,TRUE
11/14/2023 9:25:24,naya,4,TRUE
11/14/2023 9:25:26,Marina C,6,FALSE
11/14/2023 9:25:34,naya,8,TRUE
11/14/2023 9:25:44,naya,10,FALSE
11/14/2023 9:25:46,Marina C,6,FALSE
11/14/2023 9:26:04,Naya,10,FALSE
11/14/2023 11:10:43,Jether,10,FALSE
11/14/2023 11:10:49,dylan,10,FALSE
11/14/2023 11:11:16,ben,10,FALSE
11/14/2023 11:11:27,Adrianna,6,TRUE
11/14/2023 11:11:36,Naya,8,TRUE
11/14/2023 11:11:55,m.o,10,FALSE
11/14/2023 11:12:40,dylan,10,FALSE
11/14/2023 11:13:34,ben ,8,FALSE
11/14/2023 11:15:17,Adrianna,6,TRUE
11/14/2023 11:15:23,Adrianna,2,TRUE
11/14/2023 11:15:29,dylan ,8,FALSE
11/14/2023 11:15:30,Sophia,10,TRUE
11/14/2023 11:15:40,josh ,8,FALSE
11/14/2023 11:15:53,Ava ,2,FALSE
11/14/2023 11:15:54,mubarak ,6,FALSE
11/14/2023 11:16:11,dylan ,6,FALSE
11/14/2023 11:59:31,Adrianna,10,TRUE
11/23/2023 8:39:05,mubarak ,8,FALSE
11/23/2023 8:39:15,Hope,8,FALSE
11/23/2023 8:39:28,mubarak,6,FALSE
11/23/2023 8:39:30,Hope,6,FALSE
11/23/2023 8:39:47,Hope,6,FALSE
11/23/2023 8:39:50,mubarak,4,TRUE
11/23/2023 8:40:03,Hope,4,FALSE
11/23/2023 8:40:12,mubarak ,2,TRUE
11/23/2023 8:40:13,Hope,2,FALSE
11/23/2023 8:40:15,Adrianna,6,TRUE
11/23/2023 8:40:41,naya,2,FALSE
11/23/2023 8:40:41,mubarak,8,FALSE
11/23/2023 8:40:46,Marjorie,2,TRUE
11/23/2023 8:40:48,Adrianna,2,TRUE
11/23/2023 8:40:51,naya,4,FALSE
11/23/2023 8:41:01,Marjoire,4,FALSE
11/23/2023 8:41:07,mubarak,6,FALSE
11/23/2023 8:41:10,Marina C,6,FALSE
11/23/2023 8:41:13,Marjoire,6,FALSE
11/23/2023 8:41:24,naya,8,FALSE
11/23/2023 8:41:26,Marina C,6,TRUE
11/23/2023 8:41:30,Marjorie,8,FALSE
11/23/2023 8:41:34,Adrianna,8,FALSE
11/23/2023 8:41:37,Marina C,6,TRUE
11/23/2023 8:41:50,Sophia,2,TRUE
11/23/2023 8:41:56,Marina C,6,TRUE
11/23/2023 8:42:04,Sophia,4,FALSE
11/23/2023 8:42:05,naya,2,TRUE
11/23/2023 8:42:07,Marina C,6,TRUE
11/23/2023 8:42:18,naya,2,TRUE
11/23/2023 8:42:18,Marina C,6,FALSE
11/23/2023 8:42:21,Sophia,6,TRUE
11/23/2023 8:42:33,Sophia,8,TRUE
11/23/2023 8:43:27,Adrianna,6,TRUE
11/23/2023 8:44:17,Marjorie,2,TRUE
11/23/2023 8:44:24,Adrianna,4,TRUE
11/23/2023 8:44:26,Marjorie,4,TRUE
11/23/2023 8:44:35,Marjorie,6,FALSE
11/23/2023 8:44:46,Marjorie,8,TRUE
11/23/2023 8:45:00,JE,2,TRUE
11/23/2023 8:45:15,JE,2,FALSE
11/23/2023 8:45:27,JE,4,TRUE
11/23/2023 8:45:41,JE,6,FALSE
11/23/2023 8:45:56,JE,6,FALSE
11/23/2023 8:45:57,naya,10,TRUE
11/23/2023 8:46:06,JE,6,FALSE
11/23/2023 8:46:21,JE,6,TRUE
11/23/2023 8:46:31,JE,8,TRUE
11/23/2023 8:46:42,JE,8,FALSE
11/23/2023 8:47:52,Ava,2,TRUE
11/23/2023 8:48:00,Ava,4,TRUE
11/23/2023 8:48:21,Ava,6,TRUE
11/23/2023 8:48:33,Ava,8,TRUE
11/23/2023 8:48:46,Ava,10,TRUE
11/23/2023 8:50:33,naya,6,TRUE
11/23/2023 8:54:42,ale,2,FALSE
11/23/2023 8:55:08,ale,2,TRUE
11/23/2023 8:55:23,ale,2,TRUE
11/23/2023 8:55:36,ale,2,TRUE
11/23/2023 8:55:46,ale,2,TRUE
11/23/2023 8:55:59,ale,2,FALSE
11/23/2023 8:56:15,ale,2,FALSE
11/23/2023 8:56:30,ale,4,FALSE
11/23/2023 8:56:42,ale,4,TRUE
11/23/2023 8:57:01,ale,4,TRUE
11/23/2023 8:57:20,ale,6,FALSE
11/23/2023 8:57:37,ale,6,TRUE
11/23/2023 8:57:50,ale,8,FALSE
11/23/2023 9:01:11,ale,8,TRUE
11/23/2023 13:40:30,ale,10,TRUE
11/27/2023 16:09:33,PB,8,FALSE
11/27/2023 16:09:45,PB,6,FALSE
11/28/2023 13:11:19,AA_Milne,2,FALSE
11/28/2023 13:11:28,AA_Milne,2,FALSE
11/28/2023 13:11:37,AA_Milne,2,FALSE
11/28/2023 13:11:45,AA_Milne,2,TRUE
11/28/2023 14:17:06,Emily,6,TRUE
11/28/2023 14:17:35,Renu,4,TRUE
11/28/2023 14:17:39,Monica,6,TRUE
11/28/2023 14:18:38,Chris ,10,TRUE
11/28/2023 14:18:57,Pablo,6,TRUE
11/28/2023 14:19:06,Matt,4,FALSE
11/28/2023 14:19:07,Nicole,2,FALSE
11/28/2023 14:19:17,Rowena,2,TRUE
11/28/2023 14:19:22,Lauren ,6,TRUE
11/28/2023 14:19:25,Joanne,2,TRUE
11/28/2023 14:19:25,Nicole,2,TRUE
11/28/2023 14:19:28,Emily,6,FALSE
11/28/2023 14:19:29,Matthew,4,FALSE
11/28/2023 14:19:32,Renu,6,FALSE
11/28/2023 14:19:33,Stacey,2,TRUE
11/28/2023 14:19:42,Tania,10,TRUE
11/28/2023 14:19:47,Stacey,6,TRUE
11/28/2023 14:19:48,Amy,4,TRUE
11/28/2023 14:20:02,Rowena,2,TRUE
11/28/2023 14:20:04,Julia D,6,TRUE
11/28/2023 14:20:30,TB,4,FALSE
11/28/2023 14:20:34,Carmen,2,FALSE
11/28/2023 14:20:35,Julia,4,FALSE
11/28/2023 14:20:36,Kvitka,4,FALSE
11/28/2023 14:20:48,J.Ho,4,TRUE
11/28/2023 14:20:53,Kvitka,4,TRUE
11/28/2023 14:24:23,Nico,4,FALSE
11/29/2023 10:59:50,L.J,2,TRUE
11/29/2023 10:59:55,A.S,2,TRUE
11/29/2023 11:00:02,MB,2,FALSE
11/29/2023 11:00:07,J.V,2,TRUE
11/29/2023 11:00:09,A.C.,2,TRUE
11/29/2023 11:00:13,S.C,2,TRUE
11/29/2023 11:00:17,PLH,2,TRUE
11/29/2023 11:00:18,A.A,2,FALSE
11/29/2023 11:00:37,E.b,10,FALSE
11/29/2023 11:00:40,UA,2,TRUE
11/29/2023 11:00:46,Raph,2,TRUE
11/29/2023 11:00:52,MB,10,FALSE
11/29/2023 11:00:56,A.S,4,TRUE
11/29/2023 11:00:59,Daniel,4,FALSE
11/29/2023 11:01:05,BBC,8,FALSE
11/29/2023 11:01:09,L.J,4,TRUE
11/29/2023 11:01:14,J.V,4,TRUE
11/29/2023 11:01:15,S.C,4,FALSE
11/29/2023 11:01:15,PLH,4,FALSE
11/29/2023 11:01:16,JLC,6,FALSE
11/29/2023 11:01:16,A.C.,4,FALSE
11/29/2023 11:01:18,Lily E.,2,TRUE
11/29/2023 11:01:20,Daniel,6,FALSE
11/29/2023 11:01:21,JA,2,TRUE
11/29/2023 11:01:23,CHB,2,TRUE
11/29/2023 11:01:26,PLH,6,TRUE
11/29/2023 11:01:28,A.A,4,FALSE
11/29/2023 11:01:31,A.S,6,TRUE
11/29/2023 11:01:34,JA,4,FALSE
11/29/2023 11:01:40,P.O,10,TRUE
11/29/2023 11:01:43,JA,6,FALSE
11/29/2023 11:01:47,L.J,6,FALSE
11/29/2023 11:01:53,J.V,6,FALSE
11/29/2023 11:02:00,A.C.,6,FALSE
11/29/2023 11:02:07,JLC,10,FALSE
11/29/2023 11:02:09,S.C,6,FALSE
11/29/2023 11:02:09,PLH,8,FALSE
11/29/2023 11:02:10,Lily E.,4,FALSE
11/29/2023 11:02:11,Daniela F,2,TRUE
11/29/2023 11:02:14,UA,4,FALSE
11/29/2023 11:02:18,MB,10,FALSE
11/29/2023 11:02:20,PLH,2,TRUE
11/29/2023 11:02:22,A.A,6,FALSE
11/29/2023 11:02:22,CHB,4,FALSE
11/29/2023 11:02:25,A.S,8,FALSE
11/29/2023 11:02:25,S.C,8,FALSE
11/29/2023 11:02:27,L.J,8,FALSE
11/29/2023 11:02:38,Daniel,2,TRUE
11/29/2023 11:02:39,A.T,2,TRUE
11/29/2023 11:02:51,J.V,8,TRUE
11/29/2023 11:02:55,A.C.,8,TRUE
11/29/2023 11:02:56,A.T,4,TRUE
11/29/2023 11:03:05,S.C,10,FALSE
11/29/2023 11:03:10,JLC,10,FALSE
11/29/2023 11:03:12,A.T,6,FALSE
11/29/2023 11:03:17,A.A,8,FALSE
11/29/2023 11:03:29,PLH,8,FALSE
11/29/2023 11:03:29,A.T,8,TRUE
11/29/2023 11:03:29,L.J,10,FALSE
11/29/2023 11:03:33,A.C.,10,FALSE
11/29/2023 11:03:39,J.V,10,FALSE
11/29/2023 11:03:42,JA,8,TRUE
11/29/2023 11:03:46,A.T,10,TRUE
11/29/2023 11:03:47,PLH,4,TRUE
11/29/2023 11:03:47,A.S,10,FALSE
11/29/2023 11:03:49,Raph,4,TRUE
11/29/2023 11:03:49,v.b.,2,TRUE
11/29/2023 11:03:51,e.b,10,TRUE
11/29/2023 11:03:53,A.D,8,TRUE
11/29/2023 11:03:57,P.O,10,TRUE
11/29/2023 11:04:01,Raph,6,TRUE
11/29/2023 11:04:05,Louie.G,8,FALSE
11/29/2023 11:04:07,v.b,4,TRUE
11/29/2023 11:04:08,V.M.,2,FALSE
11/29/2023 11:04:14,P.O,4,TRUE
11/29/2023 11:04:19,v.b,6,TRUE
11/29/2023 11:04:28,Raph,8,TRUE
11/29/2023 11:04:29,P.O,10,TRUE
11/29/2023 11:04:31,v.b,8,TRUE
11/29/2023 11:04:38,Daniel,8,FALSE
11/29/2023 11:04:44,v.b,10,TRUE
11/29/2023 11:04:46,Raph,10,TRUE
11/29/2023 11:04:48,P.O,2,FALSE
11/29/2023 11:04:50,e.b,10,TRUE
11/29/2023 11:04:55,V.M.,4,TRUE
11/29/2023 11:05:10,V.M.,6,TRUE
11/29/2023 11:05:27,V.M.,8,TRUE
11/29/2023 11:06:07,V.M.,10,FALSE
11/30/2023 7:43:21,William H,2,FALSE
11/30/2023 7:43:33,William H,4,FALSE
11/30/2023 7:43:42,JosiahR,2,TRUE
11/30/2023 7:43:44,RandyL,2,FALSE
11/30/2023 7:43:46,William H,6,FALSE
11/30/2023 7:43:48,AmaraV,2,TRUE
11/30/2023 7:43:49,Nozibusiso,2,TRUE
11/30/2023 7:43:56,JosiahR,4,FALSE
11/30/2023 7:43:57,William H,8,FALSE
11/30/2023 7:44:08,JosiahR,6,FALSE
11/30/2023 7:44:09,William H,10,FALSE
11/30/2023 7:44:17,RandyL,4,FALSE
11/30/2023 7:44:22,JosiahR,8,FALSE
11/30/2023 7:44:27,AmaraV,4,FALSE
11/30/2023 7:44:39,marowilr,2,TRUE
11/30/2023 7:44:40,JosiahR,10,FALSE
11/30/2023 7:44:43,RandyL,6,TRUE
11/30/2023 7:44:47,AmaraV,6,FALSE
11/30/2023 7:44:57,marowilr,4,FALSE
11/30/2023 7:45:02,RandyL,8,FALSE
11/30/2023 7:45:03,Nozibusiso ,4,TRUE
11/30/2023 7:45:12,marowilr,6,FALSE
11/30/2023 7:45:16,AmaraV,8,FALSE
11/30/2023 7:45:22,RandyL,10,FALSE
11/30/2023 7:45:23,Nozibusiso,6,FALSE
11/30/2023 7:45:27,marowilr,8,FALSE
11/30/2023 7:45:28,R.O,2,TRUE
11/30/2023 7:45:32,AmaraV,10,FALSE
11/30/2023 7:45:37,Nozibusiso,8,FALSE
11/30/2023 7:45:38,Maxim,2,TRUE
11/30/2023 7:45:44,AlvinN,2,FALSE
11/30/2023 7:45:45,HA,2,TRUE
11/30/2023 7:45:46,marowilr,10,FALSE
11/30/2023 7:45:47,Maxim,4,FALSE
11/30/2023 7:45:48,R.O,4,FALSE
11/30/2023 7:45:55,AlvinN,4,TRUE
11/30/2023 7:45:57,Maxim,6,FALSE
11/30/2023 7:46:01,Nozibusiso,10,TRUE
11/30/2023 7:46:07,AlvinN,6,FALSE
11/30/2023 7:46:12,Maxim,8,FALSE
11/30/2023 7:46:25,Maxim,10,FALSE
11/30/2023 7:46:29,HA,4,FALSE
11/30/2023 7:46:29,R.O,6,FALSE
11/30/2023 7:46:31,Natasha N,2,TRUE
11/30/2023 7:46:31,AlvinN,8,FALSE
11/30/2023 7:46:41,HA,6,FALSE
11/30/2023 7:46:43,R.O,8,FALSE
11/30/2023 7:46:44,Natasha N,4,FALSE
11/30/2023 7:46:44,AlvinN,10,FALSE
11/30/2023 7:46:57, JoshuaL,2,TRUE
11/30/2023 7:46:57,R.O,10,FALSE
11/30/2023 7:46:58,matthewg,2,TRUE
11/30/2023 7:47:00,Josiah M,2,TRUE
11/30/2023 7:47:02,Natasha N,6,FALSE
11/30/2023 7:47:11,ryder,2,TRUE
11/30/2023 7:47:12, JoshuaL,4,TRUE
11/30/2023 7:47:13,matthewg,4,FALSE
11/30/2023 7:47:16,KobeI,2,TRUE
11/30/2023 7:47:18,Natasha N,8,FALSE
11/30/2023 7:47:23,William H,2,FALSE
11/30/2023 7:47:26,matthewg,6,FALSE
11/30/2023 7:47:28,KobeI,4,FALSE
11/30/2023 7:47:28,Samantha S,2,FALSE
11/30/2023 7:47:30, JoshuaL,6,FALSE
11/30/2023 7:47:30,William H,4,FALSE
11/30/2023 7:47:36,KobeI,6,FALSE
11/30/2023 7:47:37,William H,6,FALSE
11/30/2023 7:47:38,Natasha N,10,FALSE
11/30/2023 7:47:39,ryder,4,FALSE
11/30/2023 7:47:41,matthewg,8,FALSE
11/30/2023 7:47:42, JoshuaL,8,FALSE
11/30/2023 7:47:45,William H,8,FALSE
11/30/2023 7:47:48,JosiahR,2,TRUE
11/30/2023 7:47:48,KobeI,8,FALSE
11/30/2023 7:47:53,William H,10,FALSE
11/30/2023 7:47:55,ryder,6,FALSE
11/30/2023 7:47:57,KobeI,10,FALSE
11/30/2023 7:47:58,matthewg,10,FALSE
11/30/2023 7:48:01, JoshuaL,10,FALSE
11/30/2023 7:48:01,JosiahR,4,TRUE
11/30/2023 7:48:06,Josiah M,4,FALSE
11/30/2023 7:48:10,HA,8,FALSE
11/30/2023 7:48:13,JosiahR,6,FALSE
11/30/2023 7:48:17,Josiah M,6,FALSE
11/30/2023 7:48:18,ryder,8,FALSE
11/30/2023 7:48:18,RandyL,2,FALSE
11/30/2023 7:48:26,JosiahR,8,FALSE
11/30/2023 7:48:26,MaxH,2,TRUE
11/30/2023 7:48:29,ryder,10,FALSE
11/30/2023 7:48:30,Josiah M,8,FALSE
11/30/2023 7:48:36,RandyL,4,FALSE
11/30/2023 7:48:36,JosiahR,10,FALSE
11/30/2023 7:48:41,Josiah M,10,TRUE
11/30/2023 7:48:42,MaxH,4,TRUE
11/30/2023 7:48:44,HA,10,FALSE
11/30/2023 7:48:56,MaxH,6,FALSE
11/30/2023 7:49:01,RandyL,6,FALSE
11/30/2023 7:49:14,MaxH,8,FALSE
11/30/2023 7:49:24,RandyL,8,FALSE
11/30/2023 7:49:27,MaxH,10,FALSE
11/30/2023 7:49:40,RandyL,10,FALSE
11/30/2023 10:40:21,A.S,2,TRUE
11/30/2023 10:40:25,Daniel,2,TRUE
11/30/2023 10:40:46,A.S,4,TRUE
11/30/2023 10:40:47,A.C.,2,TRUE
11/30/2023 10:40:57,J.V,2,TRUE
11/30/2023 10:40:57,S.C,2,TRUE
11/30/2023 10:41:05,A.A,2,TRUE
11/30/2023 10:41:14,UA,2,TRUE
11/30/2023 10:41:22,Daniel,6,FALSE
11/30/2023 10:41:24,L.J,2,TRUE
11/30/2023 10:41:25,A.C.,4,TRUE
11/30/2023 10:41:28,A.S,6,TRUE
11/30/2023 10:41:31,J.V,4,TRUE
11/30/2023 10:41:31,Daniel,4,TRUE
11/30/2023 10:41:31,S.C,4,TRUE
11/30/2023 10:41:40,Michelle ,2,TRUE
11/30/2023 10:41:40,Lily E.,2,TRUE
11/30/2023 10:41:45,A.A,4,FALSE
11/30/2023 10:41:53,A.S,8,FALSE
11/30/2023 10:42:00,A.C.,6,TRUE
11/30/2023 10:42:04,UA,4,TRUE
11/30/2023 10:42:09,S.C,6,FALSE
11/30/2023 10:42:10,J.V,6,FALSE
11/30/2023 10:42:19,Lily E.,4,FALSE
11/30/2023 10:42:31,A.A,6,FALSE
11/30/2023 10:42:32,L.J,4,TRUE
11/30/2023 10:42:49,S.C,8,FALSE
11/30/2023 10:42:49,A.S,10,FALSE
11/30/2023 10:42:51,A.C.,8,FALSE
11/30/2023 10:43:09,CHB,2,TRUE
11/30/2023 10:43:10,Daniela F,4,FALSE
11/30/2023 10:43:19,S.C,10,FALSE
11/30/2023 10:43:19,Lily E.,6,TRUE
11/30/2023 10:43:28,CHB,4,TRUE
11/30/2023 10:43:28,J.V,8,TRUE
11/30/2023 10:43:28,A.D,4,TRUE
11/30/2023 10:43:40,CHB,6,FALSE
11/30/2023 10:43:43,A.A,8,FALSE
11/30/2023 10:43:45,L.J,6,TRUE
11/30/2023 10:43:52,A.C.,10,FALSE
11/30/2023 10:43:54,CHB,8,FALSE
11/30/2023 10:43:57,L.J,8,FALSE
11/30/2023 10:44:03,J.V,10,TRUE
11/30/2023 10:44:04,Louie.G,4,TRUE
11/30/2023 10:44:07,CHB,10,FALSE
11/30/2023 10:44:10,L.J,10,TRUE
11/30/2023 10:44:22,Louie.G,10,FALSE
11/30/2023 10:44:22,JLC,2,TRUE
11/30/2023 10:44:23,UA,6,TRUE
11/30/2023 10:44:24,MI,2,FALSE
11/30/2023 10:44:26,prince ,10,TRUE
11/30/2023 10:44:32,JLC,4,FALSE
11/30/2023 10:44:36,JA,10,TRUE
11/30/2023 10:44:42,prince,10,TRUE
11/30/2023 10:44:42,JLC,6,FALSE
11/30/2023 10:44:44,Daniel,2,TRUE
11/30/2023 10:44:47,Louie.G,8,FALSE
11/30/2023 10:44:53,prince,10,TRUE
11/30/2023 10:44:54,JLC,8,FALSE
11/30/2023 10:44:55,JA,2,TRUE
11/30/2023 10:45:01,Daniel,2,TRUE
11/30/2023 10:45:01,MB,10,TRUE
11/30/2023 10:45:07,JLC,10,TRUE
11/30/2023 10:45:13,Daniel,10,FALSE
11/30/2023 10:45:17,JA,4,TRUE
11/30/2023 10:45:21,Louie.G,6,TRUE
11/30/2023 10:45:21,Raph,2,TRUE
11/30/2023 10:45:22,V.M.,2,TRUE
11/30/2023 10:45:22,prince,10,TRUE
11/30/2023 10:45:24,v.b,2,TRUE
11/30/2023 10:45:35,Raph,4,TRUE
11/30/2023 10:45:36,prince,4,TRUE
11/30/2023 10:45:36,JA,6,FALSE
11/30/2023 10:45:38,v.b,4,TRUE
11/30/2023 10:45:39,V.M.,4,TRUE
11/30/2023 10:45:48,Raph,6,TRUE
11/30/2023 10:45:50,prince,10,TRUE
11/30/2023 10:45:59,v.b,6,TRUE
11/30/2023 10:46:00,JA,8,TRUE
11/30/2023 10:46:02,Raph,8,TRUE
11/30/2023 10:46:14,prince,10,FALSE
11/30/2023 10:46:15,v.b,8,TRUE
11/30/2023 10:46:17,Raph,10,TRUE
11/30/2023 10:46:23,V.M.,6,FALSE
11/30/2023 10:46:27,v.b,10,TRUE
11/30/2023 10:46:27,A.T,2,TRUE
11/30/2023 10:46:30,prince,4,TRUE
11/30/2023 10:46:43,daniel.ok,10,TRUE
11/30/2023 10:46:44,Daniel,6,TRUE
11/30/2023 10:46:44,A.T,4,TRUE
11/30/2023 10:46:47,prince,10,TRUE
11/30/2023 10:46:58,V.M.,8,TRUE
11/30/2023 10:47:04,prince,10,TRUE
11/30/2023 10:47:05,Raph,10,TRUE
11/30/2023 10:47:13,A.T,6,FALSE
11/30/2023 10:47:19,V.M.,10,TRUE
11/30/2023 10:47:32,A.T,8,FALSE
11/30/2023 10:47:32,Daniel,8,TRUE
11/30/2023 10:47:49,A.T,10,TRUE
11/30/2023 10:47:55,daniel.ok,10,TRUE
11/30/2023 12:30:34,PB,10,TRUE
11/30/2023 12:30:44,PB,8,FALSE
11/30/2023 12:34:04,e.b,8,TRUE
11/30/2023 12:39:19,Daniela F,6,TRUE
11/30/2023 12:43:01,e.b,8,FALSE
11/30/2023 12:43:14,e.b,10,TRUE
11/30/2023 13:02:18,e.b,2,TRUE
11/30/2023 14:19:22,AAA_Matt,4,FALSE
11/30/2023 14:19:26,Jessica,8,FALSE
11/30/2023 14:19:32,BB,4,TRUE
11/30/2023 14:19:38,AAA_Matt,4,FALSE
11/30/2023 14:19:43,BB,4,FALSE
11/30/2023 14:19:53,James,4,FALSE
12/1/2023 7:46:00,William H,2,TRUE
12/1/2023 7:46:07,William H,4,FALSE
12/1/2023 7:46:15,William H,6,FALSE
12/1/2023 7:46:17,RandyL,2,TRUE
12/1/2023 7:46:24,AlvinN,2,TRUE
12/1/2023 7:46:25,William H,8,FALSE
12/1/2023 7:46:29,RandyL,4,FALSE
12/1/2023 7:46:31,Matteo,2,TRUE
12/1/2023 7:46:34,William H,10,FALSE
12/1/2023 7:46:43,RandyL,6,FALSE
12/1/2023 7:46:54,Matteo,4,FALSE
12/1/2023 7:46:55,RandyL,8,FALSE
12/1/2023 7:47:08,Matteo,6,FALSE
12/1/2023 7:47:14,Matteo,8,FALSE
12/1/2023 7:47:15,RandyL,10,FALSE
12/1/2023 7:47:20,Matteo,10,FALSE
12/1/2023 7:47:29,AlvinN,4,FALSE
12/1/2023 7:47:38, JoshuaL,2,TRUE
12/1/2023 7:47:42,AlvinN,6,FALSE
12/1/2023 7:47:49, JoshuaL,4,TRUE
12/1/2023 7:47:54,AlvinN,8,FALSE
12/1/2023 7:48:06, JoshuaL,6,TRUE
12/1/2023 7:48:06,AlvinN,10,FALSE
12/1/2023 7:48:19, JoshuaL,8,FALSE
12/1/2023 7:48:32, JoshuaL,10,TRUE
12/1/2023 7:48:57,Maxim,2,TRUE
12/1/2023 7:49:09,Maxim,4,TRUE
12/1/2023 7:49:28,R.O,2,TRUE
12/1/2023 7:49:42,R.O,4,TRUE
12/1/2023 7:49:56,R.O,6,FALSE
12/1/2023 7:49:59,JosiahR,2,TRUE
12/1/2023 7:50:08,R.O,8,FALSE
12/1/2023 7:50:09,Maxim,6,TRUE
12/1/2023 7:50:13,JosiahR,4,FALSE
12/1/2023 7:50:20,Maxim,8,FALSE
12/1/2023 7:50:27,JosiahR,6,TRUE
12/1/2023 7:50:27,R.O,10,FALSE
12/1/2023 7:50:35,Maxim,10,FALSE
12/1/2023 7:50:39,JosiahR,8,FALSE
12/1/2023 7:50:51,JosiahR,10,FALSE
12/1/2023 7:51:55,AlvinN,2,TRUE
12/1/2023 7:52:07,AlvinN,4,FALSE
12/1/2023 7:52:18,AlvinN,6,FALSE
12/1/2023 7:52:30,AlvinN,8,FALSE
12/1/2023 7:52:43,AlvinN,10,FALSE
12/1/2023 7:55:13,KobeI,8,FALSE
12/1/2023 7:55:13,Nozibusiso,2,TRUE
12/1/2023 7:55:23,KobeI,10,FALSE
12/1/2023 7:55:24,Nozibusiso,4,TRUE
12/1/2023 7:55:36,KobeI,8,TRUE
12/1/2023 7:55:40,Nozibusiso,6,FALSE
12/1/2023 7:55:55,Nozibusiso,8,FALSE
12/1/2023 7:56:11,Nozibusiso,10,FALSE
12/1/2023 8:48:03,ryder,2,TRUE
12/1/2023 8:50:58,ryder,4,TRUE
12/1/2023 8:51:09,ryder,2,TRUE
12/1/2023 8:51:22,ryder,4,TRUE
12/1/2023 8:51:33,ryder,4,FALSE
12/1/2023 8:51:45,ryder,6,TRUE
12/1/2023 8:51:55,ryder,6,FALSE
12/1/2023 8:52:06,ryder,6,TRUE
12/1/2023 8:52:18,ryder,8,FALSE
12/1/2023 8:52:39,ryder,8,FALSE
12/1/2023 8:52:50,ryder,8,TRUE
12/1/2023 8:53:03,ryder,10,FALSE
12/1/2023 8:53:33,ryder,10,FALSE
12/1/2023 8:53:41,ryder,10,FALSE
12/1/2023 8:55:34,AlvinN,2,TRUE
12/1/2023 8:55:44,AlvinN,4,TRUE
12/1/2023 8:55:46, JoshuaL,2,TRUE
12/1/2023 8:55:58,AlvinN,6,FALSE
12/1/2023 8:55:59, JoshuaL,4,TRUE
12/1/2023 8:56:08,AlvinN,8,TRUE
12/1/2023 8:56:12,MaxH,2,FALSE
12/1/2023 8:56:14, JoshuaL,6,TRUE
12/1/2023 8:56:21,AlvinN,10,TRUE
12/1/2023 8:56:27,MaxH,2,FALSE
12/1/2023 8:56:32, JoshuaL,8,TRUE
12/1/2023 8:56:41,MaxH,2,TRUE
12/1/2023 8:56:43, JoshuaL,6,TRUE
12/1/2023 8:56:56, JoshuaL,10,TRUE
12/1/2023 8:58:31,MaxH,4,TRUE
12/1/2023 8:58:40,MaxH,4,TRUE
12/1/2023 8:58:49,MaxH,4,FALSE
12/1/2023 8:59:01,MaxH,6,FALSE
12/1/2023 8:59:11,MaxH,6,FALSE
12/1/2023 8:59:20,MaxH,6,TRUE
12/1/2023 8:59:32,MaxH,8,TRUE
12/1/2023 8:59:43,MaxH,8,FALSE
12/1/2023 8:59:52,MaxH,8,FALSE
12/1/2023 9:00:00,MaxH,8,FALSE
12/1/2023 9:00:10,MaxH,10,TRUE
12/1/2023 9:00:20,MaxH,10,FALSE
12/1/2023 9:00:44,MaxH,10,FALSE
12/1/2023 9:00:53,MaxH,10,FALSE
12/10/2023 14:13:53,PB,2,TRUE
12/10/2023 14:14:00,PB,2,TRUE
12/10/2023 14:14:21,PB,4,TRUE
12/10/2023 14:14:41,PB,10,FALSE
12/10/2023 14:14:49,PB,10,FALSE
12/10/2023 14:15:29,PB,8,TRUE
12/10/2023 14:16:12,PB,6,TRUE
12/10/2023 14:16:47,PB,10,FALSE
12/10/2023 14:17:23,PB,4,FALSE
12/10/2023 14:17:59,PB,4,TRUE
12/11/2023 17:15:26,p.o,10,TRUE
12/11/2023 19:57:07,PB,2,TRUE
12/11/2023 19:57:19,PB,6,FALSE
12/13/2023 8:50:42,PB,2,TRUE
12/13/2023 8:52:11,VMT,2,FALSE
12/13/2023 8:52:20,VMT,2,FALSE
12/13/2023 8:52:29,VMT,2,TRUE
12/13/2023 8:52:38,VMT,2,TRUE
12/13/2023 8:52:55,Mel B,2,TRUE
12/13/2023 8:53:05,T.Xu,2,FALSE
12/13/2023 8:53:06,Mel B,2,FALSE
12/13/2023 8:53:11,T.Xu,4,FALSE
12/13/2023 8:53:17,MB,2,TRUE
12/13/2023 8:53:17,Mel B,4,FALSE
12/13/2023 8:53:18,T.Xu,6,TRUE
12/13/2023 8:53:19,Mr G.,2,TRUE
12/13/2023 8:53:23,MJB,2,TRUE
12/13/2023 8:53:27,T.Xu,8,FALSE
12/13/2023 8:53:27,JL,2,TRUE
12/13/2023 8:53:28,Mel B,4,FALSE
12/13/2023 8:53:28,MB,4,FALSE
12/13/2023 8:53:30,MJB,4,FALSE
12/13/2023 8:53:35,Mr G,4,FALSE
12/13/2023 8:53:36,JL,4,FALSE
12/13/2023 8:53:37,MJB,6,FALSE
12/13/2023 8:53:38,MB,6,FALSE
12/13/2023 8:53:38,T.Xu,10,FALSE
12/13/2023 8:53:40,AE,2,TRUE
12/13/2023 8:53:41,Mel B,6,FALSE
12/13/2023 8:53:44,MJB,8,FALSE
12/13/2023 8:53:45,JL,6,TRUE
12/13/2023 8:53:49,MB,8,FALSE
12/13/2023 8:53:51,AE,4,TRUE
12/13/2023 8:53:52,JL,8,FALSE
12/13/2023 8:53:52,MJB,10,TRUE
12/13/2023 8:53:53,Mr G,6,FALSE
12/13/2023 8:53:54,Mel B,6,FALSE
12/13/2023 8:53:56,AE,6,FALSE
12/13/2023 8:53:59,MB,10,FALSE
12/13/2023 8:54:00,susan,6,TRUE
12/13/2023 8:54:01,JL,10,FALSE
12/13/2023 8:54:02,VMT,4,FALSE
12/13/2023 8:54:03,SD,2,TRUE
12/13/2023 8:54:03,AE,8,FALSE
12/13/2023 8:54:06,Mel B,8,FALSE
12/13/2023 8:54:09,AE,10,TRUE
12/13/2023 8:54:10,VMT,4,FALSE
12/13/2023 8:54:11,SD,2,TRUE
12/13/2023 8:54:17,Susan,4,TRUE
12/13/2023 8:54:18,SD,4,FALSE
12/13/2023 8:54:18,VMT,4,FALSE
12/13/2023 8:54:18,Mel B,8,FALSE
12/13/2023 8:54:19,Mr G,8,FALSE
12/13/2023 8:54:26,JT1,2,TRUE
12/13/2023 8:54:26,T.Xu,2,TRUE
12/13/2023 8:54:27,SD,4,FALSE
12/13/2023 8:54:27,VMT,4,FALSE
12/13/2023 8:54:28,NicoR,2,TRUE
12/13/2023 8:54:30,susan,10,FALSE
12/13/2023 8:54:30,Mel B,10,FALSE
12/13/2023 8:54:33,T.Xu,4,TRUE
12/13/2023 8:54:35,VMT,4,FALSE
12/13/2023 8:54:39,SD,6,FALSE
12/13/2023 8:54:40,NicoR,2,TRUE
12/13/2023 8:54:41,Mel B,10,FALSE
12/13/2023 8:54:42,Susan,6,TRUE
12/13/2023 8:54:43,T.Xu,6,FALSE
12/13/2023 8:54:46,JT1,2,TRUE
12/13/2023 8:54:46,Mr G,10,FALSE
12/13/2023 8:54:47,SD,6,FALSE
12/13/2023 8:54:50,Lindsey,2,FALSE
12/13/2023 8:54:54,SD,8,FALSE
12/13/2023 8:54:55,JT1,2,TRUE
12/13/2023 8:55:00,Susan,8,TRUE
12/13/2023 8:55:00,T.Xu,8,FALSE
12/13/2023 8:55:01,Lindsey,4,FALSE
12/13/2023 8:55:02,NicoR,2,TRUE
12/13/2023 8:55:02,AE,2,TRUE
12/13/2023 8:55:03,JL,2,FALSE
12/13/2023 8:55:04,SD,8,FALSE
12/13/2023 8:55:04,MmeGI,2,TRUE
12/13/2023 8:55:12,SD,10,FALSE
12/13/2023 8:55:13,Susan,4,TRUE
12/13/2023 8:55:14,JL,4,TRUE
12/13/2023 8:55:15,T.Xu,10,FALSE
12/13/2023 8:55:15,AE,4,FALSE
12/13/2023 8:55:16,Lindsey,6,TRUE
12/13/2023 8:55:16,MmeGI,4,TRUE
12/13/2023 8:55:18,NicoR,4,TRUE
12/13/2023 8:55:20,SD,10,FALSE
12/13/2023 8:55:22,A,2,FALSE
12/13/2023 8:55:22,JL,6,FALSE
12/13/2023 8:55:25,AE,6,FALSE
12/13/2023 8:55:28,Susan,4,TRUE
12/13/2023 8:55:28,JT1,4,TRUE
12/13/2023 8:55:33,JL,8,FALSE
12/13/2023 8:55:33,JKL,2,TRUE
12/13/2023 8:55:34,AE,8,FALSE
12/13/2023 8:55:34,A,2,FALSE
12/13/2023 8:55:35,MmeGI,6,TRUE
12/13/2023 8:55:36,MB,2,TRUE
12/13/2023 8:55:38,JT1,4,TRUE
12/13/2023 8:55:42,AE,10,FALSE
12/13/2023 8:55:42,Lindsey,10,FALSE
12/13/2023 8:55:43,JL,10,FALSE
12/13/2023 8:55:45,JT1,4,TRUE
12/13/2023 8:55:47,MB,4,TRUE
12/13/2023 8:55:47,A,2,FALSE
12/13/2023 8:55:49,MD,8,TRUE
12/13/2023 8:55:50,JKL,4,FALSE
12/13/2023 8:55:52,MmeGI,8,TRUE
12/13/2023 8:55:56,MB,6,FALSE
12/13/2023 8:55:57,A,4,FALSE
12/13/2023 8:56:00,Mel B,2,TRUE
12/13/2023 8:56:03,JKL,6,FALSE
12/13/2023 8:56:06,MmeGI,10,FALSE
12/13/2023 8:56:09,Mel B,2,FALSE
12/13/2023 8:56:11,VMT,6,FALSE
12/13/2023 8:56:17,JT1,6,FALSE
12/13/2023 8:56:18,MB,10,TRUE
12/13/2023 8:56:19,JKL,8,TRUE
12/13/2023 8:56:19,VMT,6,FALSE
12/13/2023 8:56:20,Mel B,4,FALSE
12/13/2023 8:56:21,Susan,2,TRUE
12/13/2023 8:56:24,JT1,6,FALSE
12/13/2023 8:56:30,Mel B,4,TRUE
12/13/2023 8:56:32,JT1,6,TRUE
12/13/2023 8:56:34,NicoR,2,TRUE
12/13/2023 8:56:34,JKL,10,FALSE
12/13/2023 8:56:35,VMT,6,FALSE
12/13/2023 8:56:40,A,2,FALSE
12/13/2023 8:56:40,Mel B,6,FALSE
12/13/2023 8:56:41,JT1,6,FALSE
12/13/2023 8:56:46,VMT,6,TRUE
12/13/2023 8:56:51,Mel B,6,FALSE
12/13/2023 8:56:55,VMT,8,FALSE
12/13/2023 8:56:56,NicoR,4,TRUE
12/13/2023 8:57:00,Mel B,8,FALSE
12/13/2023 8:57:02,VMT,8,FALSE
12/13/2023 8:57:10,VMT,8,TRUE
12/13/2023 8:57:11,Mel B,8,FALSE
12/13/2023 8:57:15,JT1,8,FALSE
12/13/2023 8:57:17,VMT,10,FALSE
12/13/2023 8:57:21,Mel B,10,FALSE
12/13/2023 8:57:23,Mr G,10,FALSE
12/13/2023 8:57:31,Mel B,10,FALSE
12/13/2023 8:57:34,JT1,8,FALSE
12/13/2023 8:57:41,VMT,10,FALSE
12/13/2023 8:57:43,JT1,8,FALSE
12/13/2023 8:57:49,VMT,10,TRUE
12/13/2023 8:58:09,AE,2,TRUE
12/13/2023 8:58:15,AE,4,FALSE
12/13/2023 8:58:21,AE,6,FALSE
12/13/2023 8:58:28,AE,8,FALSE
12/13/2023 8:58:35,JT1,10,FALSE
12/13/2023 8:58:36,AE,10,FALSE
12/13/2023 8:58:42,JT1,10,FALSE
12/13/2023 8:58:51,JT1,10,FALSE
12/13/2023 8:59:00,JT1,10,FALSE
12/13/2023 8:59:07,JT1,10,TRUE
12/13/2023 8:59:21,HF,4,TRUE
12/13/2023 8:59:33,NicoR,4,FALSE
12/13/2023 8:59:36,A,4,TRUE
12/13/2023 8:59:40,Mr G,2,FALSE
12/13/2023 8:59:45,NicoR,6,FALSE
12/13/2023 9:00:01,Mr G,4,TRUE
12/13/2023 9:33:21,JL,2,TRUE
12/13/2023 12:33:27,MD,2,TRUE
12/13/2023 12:34:48,MD,4,FALSE
12/19/2023 14:50:49,mubarak,4,TRUE
12/19/2023 14:51:06, JoshuaL,6,TRUE
12/19/2023 14:51:22,Josiah.R,2,TRUE
12/19/2023 14:51:32,AlvinL,6,FALSE
12/19/2023 14:51:44,ryder lewis,2,FALSE
12/19/2023 14:52:02,mubarak,4,TRUE
12/19/2023 14:52:14,Josiah.R,4,FALSE
12/19/2023 14:52:45,Jayden,6,TRUE
12/19/2023 14:52:48,A.T,2,FALSE
12/19/2023 14:52:57,Josiah.R,6,FALSE
12/19/2023 14:52:59,ryder ,6,TRUE
12/19/2023 14:53:03,JLC,2,TRUE
12/19/2023 14:53:09,pascal,10,TRUE
12/19/2023 14:53:10,AlvinN,6,FALSE
12/19/2023 14:53:13,UA,2,FALSE
12/19/2023 14:53:15,CHB,2,TRUE
12/19/2023 14:53:22,Lukas,4,FALSE
12/19/2023 14:53:30,Alicia,6,TRUE
12/19/2023 14:53:31,naya,4,FALSE
12/19/2023 14:53:34,Daniela F,2,TRUE
12/19/2023 14:53:35,Adrianna,6,FALSE
12/19/2023 14:53:45,naya,2,TRUE
12/19/2023 14:53:50,Lily ,2,FALSE
12/19/2023 14:54:04,leanne,4,TRUE
12/19/2023 14:54:10,Jesmeena,2,FALSE
12/19/2023 14:54:22,A.C.,2,FALSE
12/19/2023 14:54:30,prince,6,TRUE
12/19/2023 14:54:41,Louie ,4,FALSE
12/19/2023 14:54:46,prince,10,TRUE
12/19/2023 14:54:57,Phineas,4,FALSE
12/19/2023 14:55:02,prince,8,FALSE
12/19/2023 14:55:08,Jayden,2,TRUE
12/19/2023 14:55:14,Louie,10,FALSE
12/19/2023 14:55:25,Alicia,8,TRUE
12/19/2023 14:55:39,Louie,2,FALSE
12/19/2023 14:55:45,Lukas,8,TRUE
12/19/2023 14:55:51,Phineas,6,TRUE
5/7/2024 22:05:24,Katy,2,TRUE
5/7/2024 22:05:40,Oli,4,FALSE
5/9/2024 10:18:50,Jeff,2,TRUE
5/9/2024 10:18:56,Kirsten ,10,FALSE
5/9/2024 10:19:00,Kris,10,TRUE
5/9/2024 10:19:07,Troy,10,FALSE
5/9/2024 10:19:09,Greg,2,TRUE
5/9/2024 10:19:12,jeff,4,FALSE
5/9/2024 10:19:27,Kirsten ,10,FALSE
5/9/2024 10:19:31,Greg,4,TRUE
5/9/2024 10:19:32,DW,4,TRUE
5/9/2024 10:19:37,Jeff,6,FALSE
5/9/2024 10:19:39,Katon,2,TRUE
5/9/2024 10:19:40,Steph,2,TRUE
5/9/2024 10:19:40,Troy,10,FALSE
5/9/2024 10:19:43,Dw,4,FALSE
5/9/2024 10:19:49,Greg,6,FALSE
5/9/2024 10:19:57,Jeff,8,FALSE
5/9/2024 10:19:58,Ryan Chapman,10,FALSE
5/9/2024 10:20:08,Kirsten ,10,FALSE
5/9/2024 10:20:09,Greg,8,FALSE
5/9/2024 10:20:14,Jeff,10,TRUE
5/9/2024 10:20:17,Grant,8,FALSE
5/9/2024 10:20:24,Katon,4,FALSE
5/9/2024 10:20:25,Kris,8,FALSE
5/9/2024 10:20:27,Steph,4,FALSE
5/9/2024 10:20:28,Ryan ,2,TRUE
5/9/2024 10:20:34,Troy,6,FALSE
5/9/2024 10:20:44,Vaughn,4,TRUE
5/9/2024 10:20:44,Dw,10,FALSE
5/9/2024 10:20:46,Kris,6,TRUE
5/9/2024 10:20:48,Grant,4,FALSE
5/9/2024 10:20:52,Greg,10,FALSE
5/9/2024 10:20:57,Kirsten,2,TRUE
5/9/2024 10:21:02,Kirsten,2,TRUE
5/9/2024 10:21:09,Ryan,6,FALSE
5/9/2024 10:21:10,Katon,6,TRUE
5/9/2024 10:21:10,Steph,6,FALSE
5/9/2024 10:21:11,Vaughn,2,TRUE
5/9/2024 10:21:13,Kris,4,FALSE
5/9/2024 10:21:14,Granr,6,FALSE
5/9/2024 10:21:21,Kris,2,TRUE
5/9/2024 10:21:27,DW,4,TRUE
5/9/2024 10:21:40,Grant,2,TRUE
5/9/2024 10:21:52, Clarke ,2,TRUE
5/9/2024 10:21:56,Vaughn ,6,FALSE
5/9/2024 10:22:00,Ryan,2,TRUE
5/9/2024 10:22:10,Clarke ,4,FALSE
5/9/2024 10:22:10,Steph,8,FALSE
5/9/2024 10:22:29,Ryan,4,TRUE
5/9/2024 10:22:29,Clarke,6,FALSE
5/9/2024 10:22:33,Grant,10,FALSE
5/9/2024 10:22:40,Katon,8,FALSE
5/9/2024 10:22:46,Clarke,8,FALSE
5/9/2024 10:22:48,Katon,10,FALSE
5/9/2024 10:23:03,Ryan,10,FALSE
5/9/2024 10:23:05,Clarke,10,FALSE
5/23/2024 8:37:08,SS,10,FALSE
5/23/2024 8:38:11,JZ,10,FALSE
5/23/2024 8:38:20,AAL,2,TRUE
5/23/2024 8:38:36,DD,2,TRUE
5/23/2024 8:38:36,HT,2,TRUE
5/23/2024 8:38:42,JA,2,TRUE
5/23/2024 8:38:50,LV,2,TRUE
5/23/2024 8:39:00,SS,10,FALSE
5/23/2024 8:39:08,JG,6,FALSE
5/23/2024 8:39:14,GA,2,TRUE
5/23/2024 8:39:33,III,8,FALSE
5/23/2024 8:39:49,Bethuel,10,FALSE
5/23/2024 8:39:51,AC,2,TRUE
5/23/2024 8:39:52,NK,4,FALSE
5/23/2024 8:40:06,JZ,10,FALSE
5/23/2024 8:40:07,HT,4,FALSE
5/23/2024 8:40:14,SLE,2,FALSE
5/23/2024 8:40:18,KT,4,FALSE
5/23/2024 8:40:31,DD,4,TRUE
5/23/2024 8:40:41,LV,4,TRUE
5/23/2024 8:40:45,SS,10,FALSE
5/23/2024 8:40:46,jayce,10,FALSE
5/23/2024 8:40:49,JG,10,FALSE
5/23/2024 8:40:52,AC,4,FALSE
5/23/2024 8:40:59,JZ,10,FALSE
5/23/2024 8:41:00,Bethuel,10,FALSE
5/23/2024 8:41:00,III,6,FALSE
5/23/2024 8:41:00,AO,2,FALSE
5/23/2024 8:41:12,jma,2,TRUE
5/23/2024 8:41:14,AAL,4,TRUE
5/23/2024 8:41:17,NK,4,TRUE
5/23/2024 8:41:31,GA,4,FALSE
5/23/2024 8:41:32,KT,4,FALSE
5/23/2024 8:41:41,JA,6,TRUE
5/23/2024 8:41:45,SS,10,FALSE
5/23/2024 8:41:51,Jayce,8,TRUE
5/23/2024 8:41:58,AO,2,FALSE
5/23/2024 8:42:02,jma,6,TRUE
5/23/2024 8:42:02,Bethuel,8,FALSE
5/23/2024 8:42:08,SLE,2,TRUE
5/23/2024 9:26:29,NA,4,FALSE
5/23/2024 9:26:33,ss,10,FALSE
5/23/2024 9:26:55,III,6,TRUE
5/23/2024 9:27:01,bb,10,FALSE
5/23/2024 9:27:07,JA,8,TRUE
5/23/2024 9:27:11,KT,10,FALSE
5/23/2024 9:27:17,NA,2,TRUE
5/23/2024 9:27:21,jz,10,FALSE
5/23/2024 9:27:29,AO,4,FALSE
5/23/2024 9:27:31,GA,2,FALSE
5/23/2024 9:27:33,DD,6,FALSE
5/23/2024 9:27:43,SLE,4,FALSE
5/23/2024 9:27:45,NA,2,TRUE
5/23/2024 9:27:53,JG,10,FALSE
5/23/2024 9:28:06,JA,4,TRUE
5/23/2024 9:28:09,NK,4,FALSE
5/23/2024 9:28:16,jmf,10,FALSE
5/23/2024 9:28:22,LV,2,TRUE
5/23/2024 9:28:26,III,6,FALSE
5/23/2024 9:28:27,AO,4,FALSE
5/23/2024 9:28:38,NA,2,FALSE
5/23/2024 9:28:41,SLE,4,TRUE
5/23/2024 9:28:53,KT,4,TRUE
5/23/2024 9:29:07,DD,6,FALSE
5/23/2024 9:29:17,JZ,10,TRUE
5/23/2024 9:29:21,JG,10,FALSE
5/23/2024 9:29:23,bb,10,FALSE
5/23/2024 9:29:27,AC,4,FALSE
5/23/2024 9:29:27,JA,6,FALSE
5/23/2024 9:29:38,NK,4,TRUE
5/23/2024 9:29:43,AC,4,FALSE
5/23/2024 9:29:52,III,6,FALSE
5/23/2024 9:29:53,AAL,4,FALSE
5/23/2024 9:30:08,KT,6,TRUE
5/23/2024 9:30:10,JA,2,TRUE
5/23/2024 9:30:14,GA,2,FALSE
5/23/2024 9:30:20,NA,4,TRUE
5/23/2024 9:30:29,DD,8,FALSE
5/23/2024 9:30:42,JG,10,FALSE
5/23/2024 9:30:43,AO,4,FALSE
5/23/2024 9:30:54,SLE,4,TRUE
5/23/2024 9:30:56,NK,6,FALSE
5/23/2024 9:31:09,III,6,TRUE
5/23/2024 9:31:15,JZ,10,TRUE
5/23/2024 9:31:17,GA,4,TRUE
5/23/2024 9:31:18,JA,6,FALSE
5/23/2024 9:31:22,LV,4,FALSE
5/23/2024 9:31:28,Jayce,4,TRUE
5/23/2024 9:31:32,GA,4,TRUE
5/23/2024 9:31:33,KT,4,TRUE
5/23/2024 9:31:36,LV,4,TRUE
5/23/2024 9:31:37,AO,4,TRUE
5/23/2024 9:31:45,JZ,10,FALSE
5/23/2024 9:31:47,GA,4,TRUE
5/23/2024 9:31:49,DD,4,FALSE
5/23/2024 9:32:01,GA,4,TRUE
5/23/2024 9:32:05,JA,10,TRUE
5/23/2024 9:32:05,JG,10,FALSE
5/23/2024 9:32:07,ss,10,TRUE
5/23/2024 9:32:14,GA,4,TRUE
5/23/2024 9:32:16,AO,4,TRUE
5/23/2024 9:32:20,JG,10,TRUE
5/23/2024 9:32:27,SLE,4,TRUE
5/23/2024 9:32:28,GA,4,TRUE
5/23/2024 9:32:38,NK,6,FALSE
5/23/2024 9:32:41,jz,10,FALSE
5/23/2024 9:32:42,GA,4,TRUE
5/23/2024 9:32:47,III,10,FALSE
5/23/2024 9:32:52,JZ,10,FALSE
5/23/2024 9:32:53,Jayce,10,FALSE
5/23/2024 9:33:01,KT,8,FALSE
5/23/2024 9:33:01,GA,4,TRUE
5/23/2024 9:33:12,DD,10,FALSE
5/23/2024 9:33:12,LV,8,TRUE
5/23/2024 9:33:15,Bethuel,10,FALSE
5/23/2024 9:33:17,GA,4,TRUE
5/23/2024 9:33:23,LV,6,FALSE
5/23/2024 9:33:24,JG,8,FALSE
5/23/2024 9:33:26,JA,10,FALSE
5/23/2024 9:33:31,JZ,10,TRUE
5/23/2024 9:33:34,GA,4,TRUE
5/23/2024 9:33:45,Ht,4,TRUE
5/23/2024 9:33:48,GA,4,FALSE
5/23/2024 9:33:55,Jayce,8,FALSE
5/23/2024 9:33:58,HT,4,FALSE
5/23/2024 12:37:04,nassir,2,TRUE
5/23/2024 12:39:04,DPJ,2,TRUE
5/23/2024 12:39:15,hA>D,10,FALSE
5/23/2024 12:39:27,TI,8,FALSE
5/23/2024 12:39:30,k.p,10,FALSE
5/23/2024 12:39:32,DPJ,4,FALSE
5/23/2024 12:39:53,DPJ,4,FALSE
5/23/2024 12:39:53,HTH,10,FALSE
5/23/2024 12:39:57,MBA,8,FALSE
5/23/2024 12:40:04,DPJ,4,TRUE
5/23/2024 12:40:18,A.D,8,FALSE
5/23/2024 12:40:21,DPJ,6,FALSE
5/23/2024 12:40:31,k.p,8,FALSE
5/23/2024 12:40:44,NR,2,TRUE
5/23/2024 12:40:45,HTH,8,FALSE
5/23/2024 12:40:55,knpg,10,FALSE
5/23/2024 12:41:02,A.D,6,TRUE
5/23/2024 12:41:03,NR,4,FALSE
5/23/2024 12:41:12,k.p,2,TRUE
5/23/2024 12:41:16,NR,6,FALSE
5/23/2024 12:41:17,ti,8,TRUE
5/23/2024 12:41:27,NR,6,FALSE
5/23/2024 12:41:31,HTH,6,FALSE
5/23/2024 12:41:34,EJ JH,10,FALSE
5/23/2024 12:41:39,MBA,8,FALSE
5/23/2024 12:41:41,NR,4,TRUE
5/23/2024 12:41:45,A.D,6,FALSE
5/23/2024 12:41:56,k.p,6,TRUE
5/23/2024 12:42:08,FALU,4,FALSE
5/23/2024 12:42:08,KNPG,10,FALSE
5/23/2024 12:42:12,HTH,4,FALSE
5/23/2024 12:42:26,FALU,8,FALSE
5/23/2024 12:42:29,A.D,6,FALSE
5/23/2024 12:42:32,TI,8,FALSE
5/23/2024 12:42:34,DEC,4,FALSE
5/23/2024 12:42:39,FALU,8,TRUE
5/23/2024 12:42:41,k.p,6,FALSE
5/23/2024 12:42:46,nassir,4,TRUE
5/23/2024 12:42:49,MBA,8,FALSE
5/23/2024 12:42:50,FALU,10,FALSE
5/23/2024 12:42:55,HTH,2,TRUE
5/23/2024 12:43:04,FALU,10,FALSE
5/23/2024 12:43:10,A.D,6,FALSE
5/23/2024 12:43:19,JOTH,6,FALSE
5/23/2024 12:43:21,knpg,2,TRUE
5/23/2024 12:43:21,k.p[,4,TRUE
5/23/2024 12:43:23,BPJ,4,TRUE
5/23/2024 12:43:38,DPJ,6,TRUE
5/23/2024 12:43:39,HTH,4,TRUE
5/23/2024 12:43:42,TI,8,FALSE
5/23/2024 12:43:51,A.D,4,TRUE
5/23/2024 12:43:51,DPJ,8,FALSE
5/23/2024 12:44:03,k.p,4,TRUE
5/23/2024 12:44:03,NBA,6,FALSE
5/23/2024 12:44:05,DPJ,6,FALSE
5/23/2024 12:44:17,DPJ,10,FALSE
5/23/2024 12:44:17,HTH,6,TRUE
5/23/2024 12:44:30,DPJ,10,FALSE
5/23/2024 12:44:30,knpg,4,FALSE
5/23/2024 12:44:31,A.D,4,TRUE
5/23/2024 12:44:38,teehsaa,10,TRUE
5/23/2024 12:44:44,k.p,4,TRUE
5/23/2024 12:44:44,NR,10,FALSE
5/23/2024 12:44:50,ti,10,FALSE
5/23/2024 12:44:54,NR,8,FALSE
5/23/2024 12:44:59,Dom,10,FALSE
5/23/2024 12:45:00,janae,8,TRUE
5/23/2024 12:45:06,DPJ,10,TRUE
5/23/2024 12:45:07,HTH,4,TRUE
5/23/2024 12:45:11,EAJ,10,FALSE
5/23/2024 12:46:23,A.D,10,TRUE