Name,POS,GP,MIN,PTS,FGM,FGA,FG%,3PM,3PA,3P%,FTM,FTA,FT%,REB,AST,STL,BLK,TO,DD2,TD3
Carmelo Anthony,PF,67,37.0,28.7,10.0,22.2,44.9,2.3,6.2,37.9,6.3,7.6,83.0,6.9,2.6,0.8,0.5,2.6,10,0
Kevin Durant,PF,81,38.5,28.1,9.0,17.7,51.0,1.7,4.1,41.6,8.4,9.3,90.5,7.9,4.6,1.4,1.3,3.5,19,3
Kobe Bryant,SF,78,38.6,27.3,9.5,20.4,46.3,1.7,5.2,32.4,6.7,8.0,83.9,5.6,6.0,1.4,0.3,3.7,16,2
LeBron James,SF,76,37.9,26.8,10.1,17.8,56.5,1.4,3.3,40.6,5.3,7.0,75.3,8.0,7.3,1.7,0.9,3.0,36,4
James Harden,SG,78,38.3,25.9,7.5,17.1,43.8,2.3,6.2,36.8,8.6,10.2,85.1,4.9,5.8,1.8,0.5,3.8,9,1
Russell Westbrook,PG,82,34.9,23.2,8.2,18.7,43.8,1.2,3.7,32.3,5.6,7.0,80.0,5.2,7.4,1.8,0.3,3.3,23,1
Stephen Curry,PG,78,38.2,22.9,8.0,17.8,45.1,3.5,7.7,45.3,3.4,3.7,90.0,4.0,6.9,1.6,0.2,3.1,15,0
Kyrie Irving,PG,59,34.7,22.5,8.2,18.1,45.2,1.8,4.7,39.1,4.2,4.9,85.5,3.7,5.9,1.5,0.4,3.2,4,0
Dwyane Wade,G,69,34.7,21.2,8.2,15.8,52.1,0.2,1.0,25.8,4.5,6.2,72.5,5.0,5.1,1.9,0.8,2.8,4,0
LaMarcus Aldridge,C,74,37.7,21.1,8.6,17.8,48.4,0.0,0.2,14.3,3.8,4.7,81.0,9.1,2.6,0.8,1.2,1.9,38,0
Tony Parker,G,66,32.9,20.3,7.9,15.1,52.2,0.4,1.0,35.3,4.2,5.0,84.5,3.0,7.6,0.8,0.1,2.6,17,1
Brook Lopez,C,74,30.4,19.4,7.7,14.8,52.1,0.0,0.0,0.0,4.0,5.3,75.8,6.9,0.9,0.4,2.1,1.8,12,0
Monta Ellis,SG,82,37.5,19.2,7.3,17.5,41.6,1.1,4.0,28.7,3.5,4.6,77.3,3.9,6.0,2.1,0.4,3.1,9,0
Damian Lillard,PG,82,38.6,19.0,6.7,15.7,42.9,2.3,6.1,36.8,3.3,3.9,84.4,3.1,6.5,0.9,0.2,3.0,7,0
Deron Williams,PG,78,36.4,18.9,6.3,14.4,44.0,2.2,5.7,37.8,4.1,4.7,85.9,3.0,7.7,1.0,0.4,2.8,21,0
Paul Pierce,SF,77,33.4,18.6,6.2,14.2,43.6,1.9,5.0,38.0,4.3,5.5,78.7,6.3,4.8,1.1,0.4,2.8,12,3
John Wall,PG,49,32.7,18.5,6.6,15.0,44.1,0.2,0.9,26.7,5.0,6.2,80.4,4.0,7.6,1.3,0.8,3.2,14,0
David Lee,PF,79,36.8,18.5,7.6,14.7,51.9,0.0,0.1,0.0,3.2,4.1,79.7,11.2,3.5,0.8,0.3,2.6,56,1
Kevin Love,PF,18,34.3,18.3,5.8,16.6,35.2,1.1,5.1,21.7,5.6,7.9,70.4,14.0,2.3,0.7,0.5,2.2,14,0
Rudy Gay,SF,75,35.8,18.2,6.9,16.7,41.6,1.1,3.5,32.3,3.2,3.9,81.4,6.1,2.7,1.5,0.7,2.6,6,0
DeMar DeRozan,SF,82,36.7,18.1,6.7,15.0,44.5,0.4,1.5,28.3,4.3,5.2,83.1,3.9,2.5,0.9,0.3,1.8,0,0
JR Smith,G,80,33.5,18.1,6.6,15.6,42.2,1.9,5.5,35.6,3.0,3.9,76.2,5.3,2.7,1.3,0.3,1.7,8,0
Blake Griffin,PF,80,32.5,18.0,7.2,13.4,53.8,0.1,0.4,17.9,3.5,5.3,66.0,8.3,3.7,1.2,0.6,2.3,28,1
Al Jefferson,C,78,33.1,17.8,7.8,15.8,49.4,0.0,0.2,11.8,2.1,2.8,77.0,9.2,2.1,1.0,1.1,1.3,37,0
Tim Duncan,C,69,30.1,17.8,7.1,14.1,50.2,0.0,0.1,28.6,3.6,4.3,81.7,9.9,2.7,0.7,2.7,2.1,36,0
Kemba Walker,PG,82,34.9,17.7,6.4,15.2,42.3,1.3,4.0,32.2,3.6,4.5,79.8,3.5,5.7,2.0,0.4,2.4,5,0
Jrue Holiday,PG,78,37.5,17.7,7.1,16.5,43.1,1.2,3.2,36.8,2.3,3.1,75.2,4.2,8.0,1.6,0.4,3.7,20,1
Brandon Jennings,G,80,36.2,17.5,6.2,15.6,39.9,2.2,5.8,37.5,2.9,3.5,81.9,3.1,6.5,1.6,0.1,2.5,13,0
Josh Smith,PF,76,35.3,17.5,7.2,15.6,46.5,0.8,2.6,30.3,2.2,4.2,51.7,8.4,4.2,1.2,1.8,3.0,29,0
Paul George,F,79,37.6,17.4,6.2,14.9,41.9,2.2,5.9,36.2,2.8,3.5,80.7,7.6,4.1,1.8,0.6,2.9,23,1
Al Horford,C,74,37.2,17.4,7.8,14.3,54.3,0.0,0.1,50.0,1.8,2.8,64.4,10.2,3.2,1.1,1.1,2.0,43,0
Dirk Nowitzki,F,53,31.3,17.3,6.5,13.7,47.1,1.2,3.0,41.4,3.1,3.6,86.0,6.8,2.5,0.7,0.7,1.3,6,0
David West,F,73,33.4,17.1,6.9,13.8,49.8,0.1,0.3,21.1,3.3,4.3,76.8,7.7,2.9,1.0,0.9,2.2,16,1
DeMarcus Cousins,C,75,30.5,17.1,6.4,13.8,46.5,0.1,0.3,18.2,4.2,5.6,73.8,9.9,2.7,1.4,0.7,3.0,35,1
Dwight Howard,C,76,35.8,17.1,6.2,10.7,57.8,0.0,0.1,16.7,4.7,9.5,49.2,12.4,1.4,1.1,2.4,3.0,48,0
Eric Gordon,SG,42,30.1,17.0,5.6,13.9,40.2,1.3,4.1,32.4,4.5,5.3,84.2,1.8,3.3,1.1,0.2,2.8,0,0
Chris Paul,PG,70,33.4,16.9,5.9,12.2,48.1,1.1,3.3,32.8,4.1,4.6,88.5,3.7,9.7,2.4,0.1,2.3,31,0
Ty Lawson,G,73,34.4,16.7,6.1,13.3,46.1,1.2,3.2,36.6,3.2,4.3,75.6,2.7,6.9,1.5,0.1,2.5,9,0
Chris Bosh,PF,74,33.2,16.6,6.6,12.3,53.5,0.3,1.0,28.4,3.3,4.1,79.8,6.8,1.7,0.9,1.4,1.7,15,0
Klay Thompson,SG,82,35.8,16.6,6.2,14.7,42.2,2.6,6.4,40.1,1.6,1.9,84.1,3.7,2.2,1.0,0.5,1.9,0,0
Arron Afflalo,G,64,36.0,16.5,6.2,14.1,43.9,1.1,3.8,30.0,3.0,3.5,85.7,3.7,3.2,0.6,0.2,2.2,0,0
Jamal Crawford,G,76,29.3,16.5,5.9,13.4,43.8,2.0,5.2,37.6,2.8,3.3,87.1,1.7,2.5,1.0,0.2,1.9,0,0
Luol Deng,F,75,38.7,16.5,6.2,14.6,42.6,1.0,3.1,32.2,3.1,3.8,81.6,6.3,3.0,1.1,0.4,1.9,9,0
Nikola Pekovic,C,62,31.6,16.3,6.2,12.0,52.0,0.0,0.0,0.0,3.9,5.2,74.4,8.8,0.9,0.7,0.8,1.6,26,0
Joe Johnson,G,72,36.7,16.3,6.2,14.6,42.3,2.1,5.5,37.5,1.8,2.2,82.0,3.0,3.5,0.7,0.2,1.7,0,0
Carlos Boozer,PF,79,32.2,16.2,6.9,14.4,47.7,0.0,0.0,0.0,2.4,3.3,73.1,9.8,2.3,0.8,0.4,2.2,44,0
Danilo Gallinari,PF,71,32.5,16.2,5.1,12.3,41.8,1.9,5.1,37.3,4.0,4.9,82.2,5.2,2.5,0.9,0.5,1.6,2,0
Ryan Anderson,PF,81,30.9,16.2,5.8,13.8,42.3,2.6,6.9,38.2,1.9,2.2,84.4,6.4,1.2,0.5,0.4,1.2,11,0
Greg Monroe,C,81,33.2,16.0,6.3,13.1,48.6,0.0,0.0,0.0,3.3,4.8,68.9,9.6,3.5,1.3,0.7,2.9,37,1
Gerald Henderson,SG,68,31.4,15.5,5.6,12.6,44.7,0.5,1.5,33.0,3.8,4.6,82.4,3.7,2.6,1.0,0.5,1.6,2,0
Chandler Parsons,SF,76,36.3,15.5,6.0,12.4,48.6,2.0,5.2,38.5,1.5,2.0,72.9,5.3,3.5,1.0,0.4,1.9,8,0
Zach Randolph,F,76,34.3,15.4,6.2,13.5,46.0,0.0,0.3,8.7,3.0,3.9,75.0,11.2,1.4,0.8,0.4,2.0,45,0
O.J. Mayo,SG,82,35.5,15.3,5.6,12.5,44.9,1.7,4.3,40.7,2.3,2.8,82.0,3.5,4.4,1.1,0.3,2.6,2,0
Tyreke Evans,G,65,31.0,15.2,5.6,11.8,47.8,0.7,2.0,33.8,3.2,4.2,77.5,4.4,3.5,1.4,0.4,2.0,1,0
Glen Davis,PF,34,31.3,15.1,6.3,14.1,44.8,0.0,0.1,0.0,2.5,3.4,71.8,7.2,2.1,0.9,0.6,1.9,10,0
Thaddeus Young,F,76,34.6,14.8,6.7,12.6,53.1,0.0,0.1,12.5,1.4,2.5,57.4,7.5,1.6,1.8,0.7,1.2,21,0
Wesley Matthews,SG,69,34.8,14.8,5.1,11.7,43.6,2.4,6.2,39.8,2.2,2.7,79.7,2.8,2.5,1.3,0.3,1.6,1,0
Kevin Garnett,PF,68,29.7,14.8,6.2,12.5,49.6,0.0,0.2,12.5,2.3,3.0,78.6,7.8,2.3,1.1,0.9,1.6,19,0
Goran Dragic,PG,77,33.5,14.7,5.2,11.8,44.3,1.1,3.6,31.9,3.2,4.2,74.8,3.1,7.4,1.6,0.3,2.8,19,0
Jameer Nelson,G,56,35.3,14.7,5.5,13.9,39.2,2.2,6.3,34.1,1.6,1.8,87.3,3.7,7.4,1.3,0.1,2.8,14,0
Dion Waiters,G,61,28.8,14.7,5.5,13.4,41.2,1.0,3.3,31.0,2.6,3.5,74.6,2.4,3.0,1.0,0.3,2.0,0,0
Mike Conley,PG,80,34.5,14.6,5.2,11.8,44.0,1.3,3.7,36.1,2.9,3.5,83.0,2.8,6.1,2.2,0.3,2.4,7,0
Jeff Teague,PG,80,32.9,14.6,5.5,12.2,45.1,1.1,3.1,35.9,2.5,2.8,88.1,2.3,7.2,1.5,0.4,2.9,15,0
Paul Millsap,PF,78,30.4,14.6,5.5,11.2,49.0,0.2,0.5,33.3,3.4,4.6,74.2,7.1,2.6,1.3,1.0,1.8,15,0
Ramon Sessions,G,61,27.1,14.4,4.5,11.1,40.8,0.5,1.8,30.8,4.8,5.7,83.9,2.8,3.8,0.8,0.1,1.7,0,0
Nicolas Batum,PF,73,38.5,14.3,4.8,11.4,42.3,2.3,6.1,37.2,2.4,2.9,84.8,5.6,4.9,1.2,1.1,2.6,7,2
Amar'e Stoudemire,C,29,23.5,14.2,5.3,9.2,57.7,0.0,0.0,0.0,3.6,4.5,80.8,5.0,0.4,0.3,0.7,1.7,0,0
George Hill,PG,76,34.5,14.2,5.1,11.5,44.3,1.7,4.6,36.8,2.3,2.8,81.7,3.7,4.7,1.1,0.3,1.5,3,0
Lou Williams,SG,39,28.7,14.1,4.8,11.4,42.2,1.8,5.0,36.7,2.7,3.1,86.8,2.1,3.6,1.1,0.3,1.9,1,0
Gordon Hayward,SF,72,29.2,14.1,4.7,10.7,43.5,1.4,3.4,41.5,3.4,4.1,82.7,3.1,3.0,0.8,0.5,1.7,0,0
Anderson Varejao,C,25,36.0,14.1,5.5,11.6,47.8,0.0,0.2,0.0,3.1,4.1,75.5,14.4,3.4,1.5,0.6,1.8,16,0
JJ Redick,SG,78,30.5,14.1,4.9,11.3,43.4,2.1,5.8,36.6,2.2,2.4,90.0,2.2,3.8,0.5,0.1,1.8,0,0
Marc Gasol,C,80,35.0,14.1,5.4,10.9,49.4,0.0,0.2,7.1,3.4,4.0,84.8,7.8,4.0,1.0,1.7,2.0,18,0
Kevin Martin,SG,77,27.7,14.0,4.5,10.1,45.0,2.1,4.8,42.6,2.8,3.2,89.0,2.3,1.4,0.9,0.1,1.3,0,0
Raymond Felton,G,68,34.0,13.9,5.5,13.0,42.7,1.4,3.8,36.0,1.5,1.9,78.9,2.9,5.5,1.4,0.2,2.3,3,0
Bradley Beal,SG,56,31.2,13.9,5.0,12.3,41.0,1.6,4.2,38.6,2.2,2.8,78.6,3.8,2.4,0.9,0.5,1.6,3,0
Isaiah Thomas,G,79,26.9,13.9,4.6,10.5,44.0,1.5,4.1,35.8,3.2,3.6,88.2,2.0,4.0,0.8,0.0,1.8,2,0
Greivis Vasquez,PG,78,34.4,13.9,5.6,13.0,43.3,1.1,3.1,34.2,1.6,2.0,80.5,4.3,9.0,0.8,0.1,3.2,25,1
Pau Gasol,PF,49,33.8,13.7,5.5,11.8,46.6,0.2,0.6,28.6,2.6,3.6,70.2,8.6,4.1,0.5,1.2,2.1,15,2
Anthony Davis,PF,64,28.8,13.5,5.5,10.6,51.6,0.0,0.1,0.0,2.6,3.5,75.1,8.2,1.0,1.2,1.8,1.4,20,0
Vince Carter,G,81,25.8,13.4,4.6,10.6,43.5,2.0,4.9,40.6,2.2,2.8,81.6,4.1,2.4,0.9,0.5,1.3,1,0
Jeremy Lin,G,82,32.2,13.4,4.8,10.9,44.1,1.1,3.1,33.9,2.6,3.4,78.5,3.0,6.1,1.6,0.4,2.9,9,0
Evan Turner,G,82,35.3,13.3,5.4,12.8,41.9,0.7,1.9,36.5,1.9,2.5,74.0,6.3,4.3,0.9,0.2,2.3,14,0
Brandon Knight,PG,75,31.5,13.3,4.8,11.7,40.7,1.6,4.4,36.7,2.2,3.0,73.3,3.3,4.0,0.8,0.1,2.7,3,0
Serge Ibaka,F,80,31.1,13.2,5.6,9.7,57.3,0.3,0.7,35.1,1.8,2.4,74.9,7.7,0.5,0.4,3.0,1.6,15,0
Ersan Ilyasova,PF,73,27.6,13.2,5.1,11.0,46.2,1.3,2.9,44.4,1.7,2.2,79.6,7.1,1.6,0.9,0.5,1.0,18,0
Nate Robinson,PG,82,25.4,13.1,4.9,11.2,43.3,1.7,4.2,40.5,1.6,2.1,79.9,2.2,4.4,1.0,0.1,1.8,3,0
Nikola Vucevic,C,77,33.2,13.1,6.0,11.5,51.9,0.0,0.0,0.0,1.1,1.6,68.3,11.9,1.9,0.8,1.0,1.8,46,0
Wilson Chandler,F,43,25.1,13.0,4.9,10.6,46.2,1.2,2.9,41.3,2.0,2.6,79.3,5.1,1.3,1.0,0.3,1.4,0,0
Andre Iguodala,F,80,34.7,13.0,5.0,11.0,45.1,1.1,3.6,31.7,1.9,3.4,57.4,5.3,5.4,1.7,0.7,2.6,10,1
Jarrett Jack,G,79,29.7,12.9,4.9,10.8,45.2,1.0,2.6,40.4,2.1,2.5,84.3,3.1,5.6,0.8,0.1,2.0,8,0
Mo Williams,PG,46,30.8,12.9,5.0,11.6,43.0,1.3,3.3,38.3,1.6,1.8,88.2,2.4,6.2,1.0,0.2,2.7,3,0
Jeff Green,PF,81,27.8,12.8,4.6,10.0,46.7,0.9,2.2,38.5,2.6,3.3,80.8,3.9,1.6,0.7,0.8,1.6,1,0
Luis Scola,F,82,26.6,12.8,5.3,11.2,47.2,0.0,0.2,18.8,2.2,2.8,78.7,6.6,2.2,0.8,0.4,1.5,15,0
JJ Hickson,C,80,29.0,12.7,5.2,9.3,56.2,0.0,0.0,0.0,2.3,3.4,67.9,10.4,1.1,0.6,0.6,1.8,40,0
Marcus Thornton,SG,72,24.0,12.7,4.6,10.8,42.9,2.0,5.3,37.2,1.5,1.8,88.1,2.5,1.3,0.8,0.1,0.9,0,0
Steve Nash,PG,50,32.5,12.7,4.7,9.5,49.7,1.1,2.6,43.8,2.1,2.3,92.2,2.8,6.7,0.6,0.1,2.5,8,0
Andrea Bargnani,C,35,28.7,12.7,4.9,12.2,39.9,1.1,3.5,30.9,1.9,2.2,84.4,3.7,1.1,0.6,0.7,1.5,0,0
Nene,C,61,27.2,12.6,4.7,9.7,48.0,0.0,0.0,0.0,3.2,4.4,72.9,6.7,2.9,0.9,0.6,2.3,7,0
Metta World Peace,SF,75,33.7,12.4,4.4,11.0,40.3,1.9,5.5,34.2,1.7,2.3,73.4,5.0,1.5,1.6,0.6,1.3,2,0
Andrei Kirilenko,SF,64,31.8,12.4,4.4,8.8,50.7,0.5,1.9,29.2,2.9,3.9,75.2,5.7,2.8,1.5,1.0,1.9,7,0
Shawn Marion,SG,67,30.0,12.1,5.3,10.3,51.4,0.3,1.1,31.5,1.2,1.5,78.2,7.8,2.4,1.1,0.7,1.5,14,0
Corey Brewer,F,82,24.4,12.1,4.6,10.8,42.5,1.1,3.7,29.6,1.8,2.6,69.0,2.9,1.5,1.4,0.3,1.2,0,0
Darren Collison,PG,81,29.3,12.0,4.2,8.9,47.1,0.6,1.7,35.3,3.0,3.4,88.0,2.7,5.1,1.2,0.1,2.1,3,0
Derrick Williams,PF,78,24.6,12.0,4.3,10.1,43.0,0.8,2.5,33.2,2.5,3.5,70.6,5.5,0.6,0.6,0.5,1.3,8,0
Kawhi Leonard,SF,58,31.2,11.9,4.5,9.1,49.4,1.1,3.0,37.4,1.8,2.2,82.5,6.0,1.6,1.7,0.6,1.1,6,0
Joakim Noah,C,66,36.8,11.9,4.6,9.5,48.1,0.0,0.1,0.0,2.7,3.6,75.1,11.1,4.0,1.2,2.1,2.7,33,2
Roy Hibbert,C,79,28.7,11.9,4.9,10.9,44.8,0.0,0.1,25.0,2.1,2.8,74.1,8.3,1.4,0.5,2.6,2.1,23,1
Manu Ginobili,G,60,23.2,11.8,3.8,9.0,42.5,1.4,3.9,35.3,2.7,3.4,79.6,3.4,4.6,1.3,0.2,2.2,1,0
Tristan Thompson,C,82,31.3,11.7,4.8,9.7,48.8,0.0,0.0,0.0,2.2,3.5,60.8,9.4,1.3,0.7,0.9,1.5,31,0
Kyle Lowry,PG,68,29.7,11.6,3.7,9.2,40.1,1.5,4.1,36.2,2.8,3.5,79.5,4.7,6.4,1.4,0.4,2.3,11,1
Jordan Crawford,G,70,24.4,11.6,4.3,10.4,41.5,1.2,3.5,33.7,1.8,2.3,81.1,3.0,3.2,0.6,0.1,2.0,1,1
Kenneth Faried,F,80,28.1,11.5,4.8,8.6,55.2,0.0,0.0,0.0,2.0,3.3,61.3,9.2,1.0,1.0,1.0,1.4,31,0
Rodney Stuckey,PG,76,28.6,11.5,4.0,9.8,40.6,0.7,2.4,30.2,2.8,3.6,78.3,2.8,3.6,0.7,0.2,1.8,1,0
Luke Ridnour,PG,82,30.2,11.5,4.5,9.9,45.3,0.8,2.6,31.1,1.7,2.0,84.8,2.5,3.8,1.0,0.2,1.6,2,0
Martell Webster,SF,76,28.9,11.4,3.7,8.4,44.2,1.8,4.3,42.2,2.2,2.6,84.8,3.9,1.9,0.6,0.2,1.2,1,0
Robin Lopez,C,82,26.0,11.3,4.7,8.8,53.4,0.0,0.0,0.0,2.0,2.5,77.8,5.6,0.8,0.4,1.6,1.3,9,0
Jose Calderon,G,73,29.6,11.3,4.3,8.7,49.1,1.8,3.9,46.1,1.0,1.1,90.0,2.4,7.1,0.8,0.1,1.7,11,2
J.J. Barea,G,74,23.1,11.3,4.3,10.2,41.7,1.3,3.8,34.6,1.4,1.8,78.4,2.8,4.0,0.4,0.0,2.0,1,0
CJ Miles,G,65,21.0,11.2,3.9,9.4,41.5,1.9,5.0,38.4,1.4,1.6,86.9,2.7,1.0,0.8,0.3,1.1,0,0
Ben Gordon,SG,75,20.8,11.2,4.1,10.1,40.8,1.5,3.9,38.7,1.4,1.7,84.3,1.7,1.9,0.5,0.2,1.8,0,0
Marcin Gortat,C,61,30.8,11.1,4.8,9.3,52.1,0.0,0.0,0.0,1.5,2.3,65.2,8.5,1.2,0.7,1.6,1.6,17,0
Spencer Hawes,PF,82,27.2,11.0,4.6,9.9,46.4,0.4,1.1,35.6,1.5,1.9,77.7,7.2,2.2,0.3,1.4,1.6,19,0
Tobias Harris,F,55,23.6,11.0,4.2,9.3,45.5,0.6,2.0,31.5,1.9,2.5,75.2,5.2,1.3,0.6,0.8,1.2,9,0
Kyle Korver,G,74,30.5,10.9,3.7,8.1,46.1,2.6,5.6,45.7,0.9,1.1,85.9,4.0,2.0,0.9,0.5,0.9,0,0
Ray Allen,SG,79,25.8,10.9,3.7,8.2,44.9,1.8,4.2,41.9,1.8,2.0,88.6,2.7,1.7,0.8,0.2,1.3,0,0
Jared Dudley,SF,79,27.5,10.9,4.0,8.5,46.8,1.3,3.4,39.1,1.6,2.1,79.6,3.1,2.6,0.9,0.1,1.3,1,0
Jason Thompson,PF,82,27.9,10.9,4.6,9.1,50.2,0.0,0.0,0.0,1.7,2.5,69.4,6.7,1.0,0.6,0.7,1.2,13,0
Carl Landry,PF,81,23.2,10.8,4.0,7.4,54.0,0.0,0.0,33.3,2.8,3.4,81.7,6.0,0.8,0.4,0.4,1.4,7,0
Randy Foye,SG,82,27.4,10.8,3.6,9.0,39.7,2.2,5.3,41.0,1.4,1.8,81.9,1.5,2.0,0.8,0.3,1.1,0,0
Ricky Rubio,PG,57,29.7,10.7,3.2,9.0,36.0,0.5,1.6,29.3,3.7,4.6,79.9,4.0,7.3,2.4,0.1,3.0,13,1
Alan Anderson,SG,65,23.0,10.7,3.6,9.5,38.3,1.5,4.4,33.3,1.9,2.3,85.7,2.3,1.6,0.7,0.1,1.2,0,0
Nick Young,G,59,23.9,10.6,3.8,9.2,41.3,1.3,3.6,35.7,1.8,2.2,82.0,2.2,1.4,0.6,0.2,0.8,0,0
Byron Mullens,C,53,26.9,10.6,4.1,10.6,38.5,1.2,3.9,31.7,1.2,1.9,64.6,6.4,1.5,0.6,0.6,1.4,8,0
Carlos Delfino,SG,67,25.2,10.6,3.7,9.3,40.5,2.4,6.3,37.5,0.7,0.8,85.7,3.3,2.0,1.0,0.1,1.1,0,0
Jason Richardson,SG,33,28.4,10.5,4.1,10.2,40.2,1.7,5.1,34.1,0.6,1.0,60.6,3.8,1.5,1.2,0.5,0.8,0,0
Chris Kaman,C,66,20.7,10.5,4.7,9.3,50.7,0.0,0.0,0.0,1.0,1.3,78.8,5.6,0.8,0.4,0.8,1.6,3,0
Danny Green,F,80,27.5,10.5,3.7,8.3,44.8,2.2,5.2,42.9,0.8,1.0,84.8,3.1,1.8,1.2,0.7,1.2,0,0
Mike Dunleavy,SG,75,25.9,10.5,3.7,8.3,44.2,1.7,4.0,42.8,1.4,1.7,82.0,3.9,1.9,0.5,0.5,1.2,1,0
Shannon Brown,PG,59,23.8,10.5,4.1,9.7,42.0,0.7,2.4,27.7,1.7,2.1,78.4,2.5,1.8,1.0,0.3,1.3,0,0
Tyson Chandler,C,66,32.8,10.4,3.9,6.1,63.7,0.0,0.0,0.0,2.7,3.9,69.4,10.7,0.9,0.6,1.1,1.3,20,0
Caron Butler,SF,78,24.1,10.4,3.9,9.2,42.4,1.6,4.2,38.8,1.0,1.2,83.3,2.9,1.0,0.7,0.1,0.9,0,0
Tayshaun Prince,SF,82,32.1,10.4,4.4,10.0,43.8,0.5,1.1,40.4,1.2,1.6,73.8,4.4,2.4,0.6,0.3,1.1,2,0
Patrick Patterson,PF,71,25.0,10.4,4.5,8.8,51.2,0.7,1.9,38.6,0.7,0.9,76.2,4.7,1.1,0.4,0.6,0.9,4,0
Tiago Splitter,C,81,24.7,10.3,3.9,7.0,56.0,0.0,0.0,0.0,2.6,3.5,73.0,6.4,1.6,0.8,0.8,1.2,11,0
Andray Blatche,C,82,19.0,10.3,4.2,8.2,51.2,0.0,0.3,13.6,1.8,2.6,68.5,5.1,1.0,1.0,0.7,1.5,7,0
Matt Barnes,SF,80,25.7,10.3,3.9,8.4,46.2,1.4,4.1,34.2,1.1,1.5,74.4,4.6,1.5,1.0,0.8,1.1,1,0
Alonzo Gee,SF,82,31.0,10.3,3.7,9.1,41.0,0.8,2.7,31.5,2.0,2.5,79.5,3.9,1.6,1.3,0.4,1.6,2,0
Omer Asik,C,82,30.0,10.1,4.0,7.5,54.1,0.0,0.0,0.0,2.0,3.6,56.2,11.7,0.9,0.6,1.1,2.1,33,0
Michael Beasley,F,75,20.7,10.1,4.1,10.2,40.5,0.6,1.9,31.3,1.3,1.7,74.6,3.8,1.5,0.4,0.5,1.9,2,0
Jason Terry,G,79,26.9,10.1,3.6,8.2,43.4,1.6,4.2,37.2,1.4,1.7,87.0,2.0,2.5,0.8,0.1,1.3,1,0
Amir Johnson,F,81,28.7,10.0,4.1,7.5,55.4,0.1,0.2,38.5,1.7,2.3,72.7,7.5,1.5,1.0,1.4,1.4,15,0
Devin Harris,G,58,24.5,9.9,3.3,7.6,43.8,1.3,4.0,33.5,1.9,2.7,72.7,2.0,3.4,1.1,0.2,1.5,0,0
Larry Sanders,PF,71,27.3,9.8,4.3,8.5,50.6,0.0,0.0,0.0,1.2,1.9,61.8,9.5,1.2,0.7,2.8,1.2,26,1
Richard Hamilton,SG,50,21.8,9.8,4.1,9.5,42.9,0.3,1.0,30.8,1.3,1.5,85.7,1.7,2.4,0.5,0.1,1.7,0,0
Will Bynum,PG,65,18.8,9.8,3.9,8.3,46.9,0.4,1.2,31.6,1.6,2.0,80.9,1.5,3.6,0.7,0.1,1.9,3,0
Emeka Okafor,C,79,26.0,9.7,4.2,8.7,47.7,0.0,0.0,0.0,1.4,2.4,57.1,8.8,1.2,0.6,1.0,1.4,20,0
Marco Belinelli,G,73,25.8,9.6,3.3,8.4,39.5,1.1,3.0,35.7,1.9,2.3,83.9,1.9,2.0,0.6,0.1,1.1,0,0
Andre Miller,PG,82,26.2,9.6,3.7,7.7,47.9,0.2,0.8,26.6,2.0,2.4,84.0,2.9,5.9,0.9,0.1,2.1,4,0
Gary Neal,PG,68,21.8,9.5,3.6,8.8,41.2,1.3,3.7,35.5,0.9,1.1,86.5,2.1,1.9,0.4,0.0,1.0,0,0
Trevor Ariza,SF,56,26.3,9.5,3.4,8.1,41.7,1.4,3.7,36.4,1.4,1.7,82.1,4.8,2.0,1.3,0.4,1.5,2,0
Derrick Favors,F,77,23.2,9.4,3.6,7.4,48.2,0.0,0.1,0.0,2.3,3.4,68.8,7.1,1.0,0.9,1.7,1.7,9,0
Chase Budinger,SF,23,22.1,9.4,3.4,8.3,41.4,1.1,3.5,32.1,1.4,1.8,76.2,3.1,1.1,0.6,0.3,1.0,0,0
Antawn Jamison,PF,76,21.5,9.4,3.5,7.6,46.4,1.1,3.1,36.1,1.2,1.8,69.1,4.8,0.7,0.4,0.3,0.7,5,0
Harrison Barnes,SF,81,25.4,9.2,3.4,7.8,43.9,0.6,1.8,35.9,1.8,2.3,75.8,4.1,1.2,0.6,0.2,1.2,4,0
Dorell Wright,SF,79,22.6,9.2,3.0,7.6,39.6,1.7,4.6,37.4,1.5,1.8,85.1,3.8,1.9,0.8,0.4,0.8,0,0
Kevin Seraphin,C,79,21.8,9.1,4.2,9.1,46.1,0.0,0.0,0.0,0.8,1.1,69.3,4.4,0.7,0.3,0.7,1.6,4,0
JaVale McGee,C,79,18.1,9.1,3.8,6.7,57.5,0.0,0.0,100.0,1.4,2.4,59.1,4.8,0.3,0.4,2.0,1.1,2,0
Michael Kidd-Gilchrist,F,78,26.0,9.0,3.6,7.9,45.8,0.0,0.1,22.2,1.8,2.4,74.9,5.8,1.5,0.7,0.9,1.3,6,0
Jonas Valanciunas,C,62,23.9,8.9,3.3,5.9,55.7,0.0,0.0,0.0,2.4,3.0,78.9,6.0,0.7,0.3,1.3,1.5,8,0
Tony Allen,SG,79,26.7,8.9,3.6,8.1,44.5,0.0,0.3,12.5,1.7,2.4,71.7,4.6,1.2,1.5,0.6,1.2,2,0
John Salmons,SF,76,30.0,8.8,3.2,8.1,39.9,1.3,3.5,37.1,1.1,1.4,77.3,2.7,3.0,0.7,0.3,1.1,1,0
DeAndre Jordan,C,82,24.5,8.8,3.8,6.0,64.3,0.0,0.0,0.0,1.2,3.0,38.6,7.2,0.3,0.6,1.4,1.2,12,0
Lance Stephenson,G,78,29.2,8.8,3.5,7.7,46.0,0.8,2.4,33.0,1.0,1.5,65.2,3.9,2.9,1.0,0.2,1.4,2,0
Kyle Singler,F,82,28.0,8.8,3.4,7.8,42.8,0.9,2.4,35.0,1.2,1.5,80.6,4.0,0.9,0.7,0.5,1.2,1,0
Dante Cunningham,F,80,25.1,8.7,3.9,8.4,46.8,0.0,0.1,0.0,0.8,1.3,65.0,5.1,0.8,1.1,0.5,0.7,3,0
Chris Copeland,SF,56,15.4,8.7,3.3,6.8,47.9,1.1,2.5,42.1,1.1,1.5,75.9,2.1,0.5,0.3,0.2,0.9,0,0
Jerryd Bayless,G,80,22.1,8.7,3.3,7.8,41.9,0.9,2.5,35.3,1.3,1.5,83.6,2.2,3.3,0.7,0.2,1.5,0,0
Brandon Bass,PF,81,27.6,8.7,3.5,7.3,48.6,0.0,0.0,0.0,1.6,1.9,86.0,5.2,1.0,0.5,0.8,1.0,3,0
Mario Chalmers,G,77,26.9,8.6,2.9,6.9,42.9,1.6,3.9,40.9,1.2,1.5,79.5,2.2,3.5,1.5,0.2,1.5,0,0
Alexey Shved,PG,77,23.9,8.6,3.1,8.2,37.2,1.1,3.7,29.5,1.4,1.9,72.0,2.3,3.7,0.7,0.4,1.9,2,0
Jimmy Butler III,SF,82,26.0,8.6,2.9,6.2,46.7,0.5,1.3,38.1,2.3,2.8,80.3,4.0,1.4,1.0,0.4,0.8,4,0
Eric Bledsoe,SG,76,20.4,8.5,3.3,7.5,44.5,0.4,1.0,39.7,1.4,1.8,79.1,3.0,3.1,1.4,0.7,1.8,2,0
Brandan Wright,F,64,18.0,8.5,3.8,6.3,59.7,0.0,0.0,0.0,0.9,1.5,61.5,4.1,0.6,0.4,1.2,0.5,1,0
Chauncey Billups,PG,22,19.0,8.4,2.4,6.0,40.2,1.5,4.1,36.7,2.0,2.2,93.8,1.5,2.2,0.5,0.0,1.2,0,0
Marreese Speights,F,79,16.5,8.3,3.3,7.4,44.5,0.0,0.1,30.0,1.7,2.2,77.1,4.9,0.6,0.3,0.7,1.0,5,0
Jermaine O'Neal,C,55,18.7,8.3,3.3,6.7,48.2,0.0,0.0,0.0,1.7,2.1,83.5,5.3,0.8,0.3,1.4,1.3,5,0
Jason Smith,F,51,17.2,8.2,3.3,6.7,49.0,0.0,0.1,0.0,1.7,2.0,84.3,3.6,0.7,0.3,0.9,1.1,1,0
Maurice Harkless,SF,76,26.0,8.2,3.4,7.4,46.1,0.4,1.5,27.4,1.0,1.7,57.0,4.4,0.7,1.2,0.8,0.9,1,0
Markieff Morris,PF,82,22.4,8.2,3.2,8.0,40.7,0.5,1.6,33.6,1.1,1.5,73.2,4.8,1.3,0.9,0.8,1.3,3,0
Beno Udrih,PG,66,22.1,8.2,3.2,7.2,44.1,0.5,1.5,33.3,1.3,1.6,81.6,2.1,4.6,0.6,0.0,1.6,3,0
Kosta Koufos,C,81,22.4,8.0,3.6,6.3,58.1,0.0,0.0,0.0,0.7,1.3,55.8,6.9,0.4,0.5,1.3,0.7,6,0
Wesley Johnson,F,50,19.1,8.0,3.2,7.9,40.7,1.0,3.1,32.3,0.5,0.7,77.1,2.5,0.7,0.4,0.4,1.0,0,0
Taj Gibson,F,65,22.4,8.0,3.3,6.8,48.5,0.0,0.1,0.0,1.4,2.0,67.9,5.3,0.9,0.4,1.4,1.2,5,0
Andre Drummond,C,60,20.7,7.9,3.5,5.7,60.8,0.0,0.0,50.0,1.0,2.7,37.1,7.6,0.5,1.0,1.6,1.0,9,0
Jodie Meeks,G,78,21.3,7.9,2.6,6.8,38.7,1.6,4.4,35.7,1.1,1.2,89.6,2.2,0.9,0.7,0.1,0.7,0,0
Tyler Zeller,C,77,26.4,7.9,3.2,7.3,43.8,0.0,0.1,0.0,1.6,2.0,76.4,5.7,1.2,0.5,0.9,1.2,7,0
Wayne Ellington,SG,78,21.3,7.9,2.9,6.8,42.7,1.2,3.1,39.2,0.9,1.0,90.7,2.1,1.3,0.6,0.0,0.7,0,0
Courtney Lee,G,78,24.9,7.8,3.2,6.8,46.4,0.7,2.0,37.2,0.8,0.9,86.1,2.4,1.8,1.1,0.3,1.1,0,0
E'Twaun Moore,G,75,22.4,7.8,3.2,8.0,39.6,0.9,2.6,34.0,0.6,0.8,79.7,2.2,2.7,0.7,0.3,1.4,1,0
Andrew Nicholson,F,75,16.7,7.8,3.4,6.5,52.7,0.0,0.0,0.0,1.0,1.3,79.8,3.4,0.6,0.3,0.4,1.1,2,0
Marcus Morris Sr.,F,77,19.8,7.7,2.9,6.8,42.2,1.1,3.0,36.9,0.9,1.5,56.4,3.6,0.8,0.6,0.3,1.0,0,0
A.J. Price,PG,57,22.4,7.7,2.8,7.2,39.0,1.2,3.5,35.0,0.9,1.1,79.0,2.0,3.6,0.6,0.1,1.1,1,0
Gerald Wallace,SF,69,30.1,7.7,2.6,6.6,39.7,0.7,2.4,28.2,1.8,2.8,63.7,4.6,2.6,1.4,0.7,1.6,3,0
Jonas Jerebko,F,49,18.2,7.7,2.9,6.4,44.9,0.5,1.7,30.1,1.4,1.8,77.3,3.8,0.9,0.8,0.2,0.9,0,0
Ed Davis,C,81,20.1,7.7,3.2,6.0,53.9,0.0,0.0,0.0,1.3,2.1,61.7,5.7,0.8,0.5,1.0,0.8,9,0
Kirk Hinrich,SG,60,29.4,7.7,2.7,7.0,37.7,1.2,3.0,39.0,1.2,1.6,71.4,2.6,5.2,1.1,0.4,1.7,1,0
Thabo Sefolosha,F,81,27.5,7.6,2.8,5.8,48.1,1.3,3.2,41.9,0.7,0.9,82.6,3.9,1.5,1.3,0.5,0.8,0,0
Toney Douglas,PG,71,18.2,7.5,2.6,6.6,40.3,1.2,3.0,38.0,1.1,1.2,90.5,1.9,2.1,1.0,0.0,1.1,0,0
Linas Kleiza,SF,20,18.8,7.4,2.4,7.2,33.3,1.0,3.3,30.3,1.6,1.9,84.2,2.6,0.8,0.2,0.1,0.7,0,0
Al-Farouq Aminu,SF,76,27.2,7.3,3.0,6.2,47.5,0.1,0.3,21.1,1.3,1.8,73.7,7.7,1.4,1.2,0.7,1.5,10,0
Steve Blake,PG,45,26.1,7.3,2.5,6.0,42.2,1.6,3.8,42.1,0.6,0.8,77.1,2.9,3.8,0.8,0.1,1.4,0,0
Earl Clark,SF,59,23.1,7.3,2.9,6.5,44.0,0.6,1.8,33.7,0.9,1.3,69.7,5.5,1.1,0.6,0.7,1.1,11,0
Marvin Williams,F,73,23.7,7.2,2.7,6.4,42.3,0.7,2.3,32.5,1.1,1.4,77.8,3.6,1.1,0.5,0.5,0.8,2,0
Enes Freedom,C,70,15.4,7.2,2.9,5.4,54.4,0.0,0.0,100.0,1.3,1.7,79.5,4.3,0.4,0.4,0.5,1.4,2,0
Elton Brand,PF,72,21.2,7.2,3.1,6.6,47.3,0.0,0.0,0.0,0.9,1.3,71.0,6.0,1.0,0.7,1.3,0.8,8,0
Kenyon Martin,F,18,23.9,7.2,3.1,5.2,60.2,0.0,0.0,0.0,0.9,2.2,42.5,5.3,0.4,0.9,0.9,0.9,1,0
Jimmer Fredette,G,69,14.0,7.2,2.5,5.9,42.1,0.9,2.3,41.7,1.2,1.4,85.9,1.0,1.3,0.4,0.0,1.0,0,0
Brian Roberts,PG,78,17.0,7.1,2.7,6.6,41.7,0.8,2.0,38.6,0.9,1.0,90.9,1.2,2.8,0.5,0.0,0.9,2,0
Aaron Brooks,G,53,18.8,7.1,2.7,6.0,45.3,0.9,2.5,37.3,0.8,1.0,76.9,1.5,2.2,0.6,0.2,1.3,0,0
Alec Burks,SG,64,17.8,7.0,2.5,6.1,42.0,0.5,1.4,35.9,1.4,2.0,71.3,2.3,1.4,0.5,0.2,1.2,0,0
Gerald Green,G,60,18.0,7.0,2.6,7.1,36.6,1.0,3.1,31.4,0.9,1.1,80.0,2.4,0.8,0.3,0.4,0.9,0,0
Tyler Hansbrough,PF,81,16.9,7.0,2.2,5.0,43.2,0.0,0.0,0.0,2.7,3.7,72.0,4.6,0.4,0.4,0.2,1.0,6,0
Brandon Rush,F,2,12.5,7.0,3.0,4.5,66.7,0.0,1.0,0.0,1.0,1.5,66.7,0.5,1.0,0.0,0.0,1.5,0,0
Rasheed Wallace,PF,21,14.1,7.0,2.6,6.8,38.7,1.0,3.3,31.9,0.7,1.0,70.0,4.0,0.3,0.6,0.7,0.5,0,0
Hakim Warrick,PF,28,17.5,6.9,2.4,5.9,40.6,0.0,0.1,0.0,2.1,3.1,68.2,3.2,0.9,0.5,0.2,1.0,1,0
Jason Maxiell,PF,72,24.8,6.9,2.8,6.3,44.6,0.0,0.0,0.0,1.3,2.0,62.1,5.7,0.8,0.4,1.3,1.1,5,0
Jeremy Pargo,PG,39,16.8,6.8,2.5,6.4,39.6,0.6,1.9,33.8,1.1,1.6,67.7,1.3,2.4,0.3,0.1,1.3,0,0
C.J. Watson,PG,80,19.0,6.8,2.4,5.7,41.8,1.1,2.7,41.1,0.9,1.1,78.0,1.8,2.0,0.8,0.2,0.9,0,0
Iman Shumpert,G,45,22.1,6.8,2.4,6.1,39.6,1.1,2.8,40.2,0.8,1.0,76.6,3.0,1.7,1.0,0.2,0.8,0,0
Charlie Villanueva,PF,69,15.8,6.8,2.5,6.7,37.7,1.3,3.8,34.7,0.4,0.7,55.1,3.5,0.8,0.4,0.6,0.6,2,0
Josh Howard,SF,11,18.8,6.7,2.8,7.0,40.3,0.5,1.5,31.3,0.6,1.1,58.3,3.3,0.4,0.9,0.3,0.9,1,0
Jordan Hill,C,29,15.8,6.7,2.7,5.3,49.7,0.0,0.1,0.0,1.4,2.1,65.6,5.7,0.4,0.3,0.7,0.9,0,0
Luc Mbah a Moute,F,58,22.9,6.7,2.6,6.5,40.1,0.2,0.6,35.1,1.2,2.2,57.1,4.4,0.9,0.7,0.2,1.2,1,0
Samuel Dalembert,C,47,16.3,6.7,2.9,5.4,54.2,0.0,0.0,100.0,0.8,1.2,69.1,5.9,0.4,0.4,1.1,1.1,8,0
Steve Novak,SF,81,20.3,6.6,2.2,5.3,41.4,1.8,4.3,42.5,0.4,0.4,90.9,1.9,0.4,0.3,0.1,0.1,0,0
Cartier Martin,PF,41,16.9,6.6,2.3,6.1,38.1,1.4,3.6,39.7,0.5,0.7,71.4,2.4,0.5,0.5,0.1,0.8,0,0
Shane Battier,SF,72,24.8,6.6,2.1,5.0,42.0,1.9,4.4,43.0,0.4,0.5,84.2,2.3,1.0,0.6,0.8,0.5,0,0
Ivan Johnson,PF,69,15.0,6.6,2.7,5.2,52.0,0.0,0.2,7.7,1.2,1.9,61.8,3.9,0.7,0.8,0.2,1.0,3,0
Jannero Pargo,PG,32,15.8,6.5,2.4,6.6,36.8,1.2,3.6,33.6,0.4,0.4,92.3,1.1,2.1,0.6,0.1,1.3,0,0
P.J. Tucker,PF,79,24.2,6.4,2.7,5.6,47.3,0.3,0.9,31.4,0.8,1.1,74.4,4.4,1.4,0.8,0.2,0.8,3,0
Terrence Ross,G,73,17.0,6.4,2.5,6.3,40.7,0.9,2.7,33.2,0.4,0.6,71.4,2.0,0.7,0.6,0.2,0.7,0,0
Damien Wilkins,SG,61,18.0,6.4,2.4,5.2,45.9,0.3,0.8,33.3,1.3,1.8,74.3,1.7,1.5,0.6,0.3,0.8,0,0
Quincy Pondexter,F,59,21.1,6.4,2.2,5.1,42.8,1.0,2.6,39.5,1.0,1.3,78.7,2.2,1.0,0.6,0.1,0.7,0,0
Shaun Livingston,G,66,22.0,6.3,2.5,5.2,48.0,0.0,0.1,0.0,1.3,1.5,86.7,2.4,3.3,0.7,0.5,1.2,0,0
Willie Green,SG,72,16.5,6.3,2.5,5.4,46.1,1.0,2.3,42.8,0.3,0.4,71.9,1.3,0.8,0.4,0.2,0.4,0,0
Stephen Jackson,SF,55,19.5,6.2,2.2,6.0,37.3,0.8,3.1,27.1,0.9,1.3,70.0,2.8,1.5,0.7,0.3,1.4,1,0
Austin Rivers,SG,61,23.2,6.2,2.4,6.4,37.2,0.5,1.4,32.6,1.0,1.8,54.6,1.8,2.1,0.4,0.1,1.2,0,0
Darrell Arthur,F,59,16.4,6.1,2.7,6.1,45.1,0.1,0.3,27.8,0.6,0.8,71.7,2.9,0.6,0.4,0.6,0.7,0,0
John Jenkins,G,61,14.8,6.1,2.1,4.8,44.6,0.9,2.3,38.4,1.0,1.1,84.3,1.5,0.9,0.2,0.2,0.7,0,0
Jeffery Taylor,SF,77,19.6,6.1,2.2,5.2,43.1,0.7,2.0,34.4,1.0,1.3,72.8,1.9,0.8,0.6,0.2,0.6,0,0
Khris Middleton,SF,27,17.6,6.1,2.3,5.2,44.0,0.5,1.7,31.1,1.0,1.2,84.4,1.9,1.0,0.6,0.1,0.4,0,0
Mike James,PG,45,19.2,6.1,2.2,6.0,37.3,1.1,2.8,38.4,0.5,0.6,79.3,1.6,3.1,0.6,0.1,1.2,0,0
John Henson,F,63,13.1,6.0,2.6,5.3,48.2,0.0,0.0,0.0,0.9,1.7,53.3,4.7,0.5,0.3,0.7,0.7,6,0
Jason Kidd,PG,76,26.9,6.0,2.0,5.4,37.2,1.5,4.3,35.1,0.5,0.6,83.3,4.3,3.3,1.6,0.3,1.0,0,0
Greg Smith,PF,70,15.9,6.0,2.4,3.9,62.0,0.0,0.0,0.0,1.2,1.9,62.3,4.6,0.4,0.3,0.6,0.6,2,0
Josh McRoberts,PF,67,22.2,6.0,2.3,5.1,45.5,0.4,1.3,28.6,1.0,1.3,76.5,4.9,2.1,0.5,0.4,1.0,3,0
DeMarre Carroll,F,66,16.8,6.0,2.3,4.9,46.0,0.3,1.1,28.6,1.1,1.5,76.5,2.8,0.9,0.9,0.4,0.5,0,0
Zaza Pachulia,C,52,21.8,5.9,2.2,4.6,47.3,0.0,0.1,0.0,1.5,2.0,75.7,6.5,1.5,0.7,0.2,1.3,4,0
Andrew Bogut,C,32,24.6,5.8,2.6,5.8,45.1,0.0,0.0,100.0,0.6,1.2,50.0,7.7,2.1,0.6,1.7,1.1,1,0
Boris Diaw,C,75,22.8,5.8,2.4,4.4,53.9,0.4,1.0,38.5,0.6,0.9,72.3,3.4,2.4,0.7,0.4,1.1,0,0
Brandon Roy,SG,5,24.4,5.8,2.2,7.0,31.4,0.0,1.8,0.0,1.4,2.0,70.0,2.8,4.6,0.6,0.0,1.4,0,0
Kris Humphries,PF,65,18.3,5.8,2.1,4.8,44.8,0.0,0.0,0.0,1.5,1.9,78.9,5.6,0.5,0.2,0.5,0.9,6,0
Lavoy Allen,F,79,21.1,5.8,2.6,5.7,45.4,0.0,0.0,0.0,0.5,0.8,71.7,5.0,0.9,0.3,0.7,0.7,3,0
Donatas Motiejunas,PF,44,12.2,5.7,2.2,4.8,45.5,0.5,1.9,28.9,0.7,1.2,62.7,2.1,0.7,0.2,0.2,0.8,0,0
Sebastian Telfair,PG,59,16.6,5.6,1.9,5.2,36.2,0.9,2.5,35.3,0.9,1.2,78.3,1.4,2.6,0.6,0.2,1.1,0,0
Norris Cole,PG,80,19.9,5.6,2.2,5.3,42.1,0.4,1.2,35.7,0.7,1.0,65.0,1.6,2.1,0.7,0.1,1.3,1,0
Patrick Beverley,PG,41,17.4,5.6,1.9,4.6,41.8,0.9,2.3,37.5,0.8,1.0,82.9,2.7,2.9,0.9,0.5,1.1,0,0
Francisco Garcia,SG,58,17.7,5.5,2.0,5.2,39.3,1.2,3.1,37.4,0.3,0.4,85.7,1.6,1.1,0.8,0.7,0.6,0,0
Marquis Daniels,SG,59,18.4,5.5,2.2,5.9,37.6,0.3,1.2,27.8,0.7,0.9,74.1,2.5,1.1,0.9,0.2,0.8,0,0
Terrence Jones,PF,19,14.5,5.5,2.3,4.9,45.7,0.3,1.0,26.3,0.7,0.9,76.5,3.4,0.8,0.6,1.0,0.7,1,0
Meyers Leonard,C,69,17.5,5.5,2.2,4.0,54.5,0.0,0.1,42.9,1.0,1.3,80.9,3.7,0.5,0.2,0.6,0.7,1,0
Daniel Gibson,SG,46,20.0,5.4,1.8,5.4,34.0,1.2,3.5,34.4,0.6,0.8,70.3,1.3,1.8,0.7,0.1,0.7,0,0
MarShon Brooks,G,73,12.5,5.4,2.1,4.6,46.3,0.2,0.8,27.3,0.9,1.3,73.4,1.4,1.0,0.5,0.2,0.9,0,0
DeJuan Blair,C,61,14.0,5.4,2.3,4.4,52.4,0.0,0.0,0.0,0.7,1.1,62.9,3.8,0.7,0.6,0.2,0.8,1,0
Roger Mason Jr.,SG,69,17.7,5.3,1.9,4.4,43.3,1.0,2.3,41.5,0.6,0.6,90.7,1.9,1.1,0.4,0.2,0.7,0,0
Reggie Jackson,PG,70,14.2,5.3,2.1,4.6,45.8,0.3,1.5,23.1,0.7,0.9,83.9,2.4,1.7,0.4,0.2,0.8,0,0
Trevor Booker,F,48,18.5,5.3,2.3,4.6,49.1,0.0,0.1,0.0,0.8,1.5,55.6,5.0,0.8,0.7,0.3,0.6,3,0
Evan Fournier,SG,38,11.3,5.3,2.0,4.0,49.3,0.6,1.4,40.7,0.8,1.0,76.9,0.9,1.2,0.5,0.0,0.8,0,0
Derek Fisher,PG,33,17.4,5.3,1.7,4.9,34.2,0.9,2.4,37.5,1.1,1.2,92.1,1.1,1.4,0.6,0.1,0.9,0,0
John Lucas III,PG,63,13.1,5.3,2.0,5.3,38.6,0.9,2.4,37.7,0.3,0.4,72.0,1.0,1.7,0.4,0.0,0.4,0,0
Corey Maggette,SF,18,14.3,5.3,1.5,4.2,35.5,0.3,1.2,23.8,2.0,2.7,75.0,1.4,1.1,0.3,0.1,0.9,0,0
Travis Outlaw,SF,38,11.7,5.3,1.9,4.7,41.8,0.4,1.3,28.0,1.0,1.4,73.1,1.6,0.6,0.3,0.2,0.5,0,0
Mickael Pietrus,SF,19,20.3,5.3,1.8,5.2,34.7,1.1,3.4,31.3,0.6,0.9,66.7,1.9,0.5,0.6,0.3,0.8,0,0
Jordan Hamilton,SG,40,9.9,5.2,2.1,5.0,41.8,0.7,1.8,37.0,0.3,0.7,50.0,2.4,0.6,0.4,0.2,0.5,0,0
Rashard Lewis,PF,55,14.4,5.2,1.9,4.5,41.4,0.9,2.4,38.9,0.5,0.8,62.2,2.2,0.5,0.4,0.3,0.6,0,0
Garrett Temple,SF,51,22.7,5.1,2.1,5.1,40.7,0.5,1.6,32.5,0.5,0.7,70.3,2.4,2.3,1.0,0.3,1.2,0,0
James Johnson,PF,54,16.3,5.1,2.2,5.2,41.3,0.0,0.4,9.5,0.7,1.2,59.7,2.7,1.1,0.8,0.9,1.3,0,0
Al Harrington,PF,10,11.9,5.1,2.0,5.7,35.1,0.8,3.0,26.7,0.3,0.4,75.0,2.7,1.0,0.4,0.1,0.7,0,0
Nick Collison,F,81,19.5,5.1,2.2,3.7,59.5,0.0,0.0,0.0,0.7,1.0,76.9,4.1,1.5,0.6,0.4,0.9,1,0
DeShawn Stevenson,SG,56,20.7,5.1,1.8,4.7,37.4,1.4,3.7,36.4,0.2,0.4,52.2,2.2,0.9,0.5,0.1,0.4,0,0
Patty Mills,PG,58,11.3,5.1,1.9,4.2,46.9,0.9,2.2,40.0,0.3,0.3,84.2,0.9,1.1,0.4,0.1,0.7,0,0
Mickael Gelabale,SF,36,17.9,5.0,2.0,3.9,51.8,0.4,1.4,30.8,0.6,0.7,87.5,2.8,0.7,0.4,0.1,0.4,0,0
Jae Crowder,PF,78,17.3,5.0,1.8,4.7,38.4,0.8,2.5,32.8,0.6,0.9,64.4,2.4,1.2,0.8,0.2,0.6,0,0
Ian Mahinmi,C,80,16.5,5.0,1.9,4.1,45.3,0.0,0.0,0.0,1.3,2.1,60.8,3.9,0.3,0.5,0.8,1.2,0,0
Quentin Richardson,SF,1,29.0,5.0,1.0,11.0,9.1,1.0,4.0,25.0,2.0,2.0,100.0,10.0,1.0,0.0,0.0,2.0,0,0
Chris Andersen,PF,42,14.9,4.9,1.7,2.9,57.7,0.0,0.1,66.7,1.5,2.2,67.7,4.1,0.4,0.4,1.0,0.6,0,0
Jerry Stackhouse,SF,37,14.7,4.9,1.8,4.6,38.4,0.8,2.4,33.7,0.5,0.6,87.0,0.9,0.9,0.2,0.1,0.6,0,0
Malcolm Lee,SG,16,18.1,4.9,1.8,4.8,38.2,0.5,1.5,33.3,0.8,1.3,60.0,2.4,1.3,0.8,0.4,0.6,0,0
Bismack Biyombo,C,80,27.3,4.8,2.0,4.3,45.1,0.0,0.0,0.0,0.9,1.8,52.1,7.3,0.4,0.4,1.8,1.0,7,0
Tyrus Thomas,PF,26,13.8,4.8,1.8,5.2,35.3,0.1,0.3,37.5,1.0,1.2,83.9,2.3,0.7,0.5,0.6,0.7,0,0
Mike Miller,SG,59,15.3,4.8,1.7,3.9,43.3,1.2,3.0,41.7,0.1,0.2,72.7,2.7,1.7,0.4,0.1,0.6,0,0
Thomas Robinson,F,70,15.1,4.8,2.0,4.6,43.0,0.0,0.0,0.0,0.8,1.6,52.3,4.5,0.7,0.6,0.4,1.3,3,0
Landry Fields,SG,51,20.3,4.7,2.0,4.4,45.7,0.0,0.3,14.3,0.7,1.0,64.2,4.1,1.2,0.6,0.2,0.8,2,0
D.J. Augustin,G,76,16.1,4.7,1.4,3.9,35.0,0.9,2.5,35.3,1.1,1.3,83.8,1.2,2.2,0.4,0.0,0.9,0,0
Justin Holiday,SF,9,15.8,4.7,1.8,5.3,33.3,0.4,1.8,25.0,0.7,0.9,75.0,1.6,1.7,0.3,0.7,1.0,0,0
Troy Murphy,PF,14,18.3,4.6,1.6,4.4,36.1,0.8,2.5,31.4,0.7,0.8,90.9,3.5,0.5,0.7,0.4,0.5,0,0
Shelvin Mack,G,31,13.4,4.6,1.9,4.1,46.0,0.6,1.6,36.7,0.3,0.5,56.3,1.3,2.2,0.5,0.0,1.1,0,0
Mike Scott,PF,40,9.4,4.6,1.8,3.7,47.6,0.0,0.0,0.0,1.1,1.4,76.8,2.8,0.3,0.1,0.1,0.5,2,0
Eric Maynor,PG,64,15.0,4.5,1.7,4.4,37.7,0.5,1.5,35.4,0.7,1.0,72.6,0.7,2.8,0.3,0.0,1.2,0,0
Reggie Evans,C,80,24.6,4.5,1.6,3.3,47.9,0.0,0.0,0.0,1.4,2.8,50.9,11.1,0.5,0.9,0.2,1.4,8,0
Eddy Curry,,2,12.5,4.5,2.0,4.0,50.0,0.0,0.0,0.0,0.5,2.0,25.0,2.0,0.0,0.0,0.0,1.5,0,0
Cory Joseph,PG,28,13.9,4.5,1.8,3.9,46.4,0.2,0.8,28.6,0.6,0.8,85.7,1.9,1.9,0.5,0.1,0.8,0,0
Austin Daye,SF,55,12.3,4.5,1.6,3.8,43.3,0.7,1.8,41.8,0.5,0.6,76.5,2.2,0.8,0.3,0.4,0.5,0,0
Keyon Dooling,PG,7,11.7,4.4,1.4,3.0,47.6,0.7,1.7,41.7,0.9,1.0,85.7,0.1,1.1,0.1,0.0,0.7,0,0
Ekpe Udoh,F,76,17.3,4.3,1.5,3.5,43.5,0.0,0.0,0.0,1.2,1.6,74.8,3.3,0.6,0.5,1.1,0.6,1,0
Chris Wilcox,PF,61,13.6,4.2,1.8,2.5,71.9,0.0,0.0,0.0,0.6,1.0,67.2,3.0,0.4,0.5,0.5,0.6,0,0
Matt Bonner,C,68,13.4,4.2,1.6,3.4,48.7,0.8,1.8,44.2,0.2,0.2,73.3,1.9,0.5,0.3,0.3,0.2,1,0
Kendrick Perkins,C,78,25.1,4.2,1.8,4.0,45.7,0.0,0.0,0.0,0.6,0.9,61.1,6.0,1.4,0.6,1.1,1.4,0,0
Keith Bogans,SG,74,19.0,4.2,1.5,3.8,38.0,1.1,3.3,34.3,0.1,0.2,64.7,1.6,1.0,0.4,0.1,0.7,0,0
Anthony Tolliver,PF,62,15.5,4.1,1.3,3.5,38.0,0.7,2.1,33.8,0.7,0.8,86.3,2.5,0.5,0.2,0.2,0.6,0,0
Kyle O'Quinn,C,57,11.2,4.1,1.8,3.5,51.3,0.0,0.0,0.0,0.5,0.8,66.7,3.7,0.9,0.2,0.5,0.6,2,0
Chris Singleton,SF,57,16.2,4.1,1.6,4.2,38.2,0.1,0.6,19.4,0.7,1.2,57.1,3.2,0.6,0.7,0.4,0.8,1,0
Darius Morris,G,48,14.2,4.0,1.5,3.9,38.8,0.5,1.4,36.4,0.5,0.8,64.9,1.2,1.6,0.4,0.0,0.9,0,0
Will Barton,G,73,12.2,4.0,1.6,4.2,38.2,0.1,0.9,13.8,0.7,0.9,76.9,2.0,0.8,0.5,0.1,0.8,1,0
Greg Stiemsma,C,76,15.9,4.0,1.7,3.7,45.7,0.0,0.0,0.0,0.7,0.9,76.8,3.4,0.4,0.6,1.2,0.8,1,0
Lamar Odom,PF,82,19.7,4.0,1.8,4.5,39.9,0.2,1.1,20.0,0.2,0.5,47.6,5.9,1.7,0.8,0.7,1.0,0,0
Omri Casspi,F,43,11.7,4.0,1.5,3.7,39.4,0.6,1.8,32.9,0.5,1.0,53.7,2.7,0.7,0.6,0.3,0.5,0,0
Rodrigue Beaubois,PG,45,12.2,4.0,1.4,3.9,36.9,0.5,1.6,29.2,0.7,0.8,78.9,1.3,1.9,0.4,0.1,0.7,0,0
Jeff Adrien,F,52,13.7,4.0,1.4,3.2,42.9,0.0,0.0,0.0,1.3,1.9,65.0,3.8,0.7,0.3,0.5,0.6,1,0
Anthony Morrow,SG,41,9.3,4.0,1.6,3.5,44.1,0.4,1.0,37.2,0.5,0.5,90.9,0.7,0.3,0.3,0.0,0.2,0,0
Dominique Jones,SG,29,11.7,4.0,1.4,3.8,36.7,0.0,0.3,11.1,1.2,1.8,66.0,1.6,2.9,0.5,0.1,1.3,0,0
Quincy Acy,F,29,11.8,4.0,1.4,2.6,56.0,0.0,0.1,50.0,1.1,1.3,81.6,2.7,0.4,0.4,0.5,0.6,0,0
Luke Babbitt,F,62,11.8,3.9,1.4,3.8,36.8,1.0,2.9,34.8,0.2,0.2,76.9,2.2,0.5,0.2,0.1,0.4,0,0
Chris Johnson,C,30,9.5,3.9,1.6,2.5,64.0,0.0,0.0,0.0,0.7,1.1,61.8,2.0,0.3,0.2,0.9,0.4,0,0
Xavier Henry,SG,50,12.5,3.9,1.3,3.2,41.0,0.1,0.2,36.4,1.2,1.8,63.0,1.8,0.3,0.3,0.1,0.6,0,0
Udonis Haslem,PF,75,18.9,3.9,1.7,3.3,51.4,0.0,0.0,0.0,0.4,0.6,71.1,5.4,0.5,0.4,0.2,0.6,1,0
Nando De Colo,G,72,12.8,3.8,1.5,3.3,43.6,0.4,1.1,37.8,0.5,0.6,79.5,1.9,1.9,0.6,0.1,1.1,0,0
James Anderson,SG,39,10.3,3.8,1.3,3.2,41.3,0.5,1.5,35.0,0.6,0.7,85.7,1.8,1.1,0.4,0.1,0.6,0,0
Victor Claver,PF,49,16.6,3.8,1.5,3.9,39.2,0.5,1.8,28.7,0.3,0.6,46.7,2.4,0.9,0.5,0.2,0.9,0,0
Gustavo Alfonso Ayon,PF,55,13.3,3.7,1.7,3.0,55.1,0.0,0.0,0.0,0.4,0.9,40.0,3.6,1.3,0.4,0.3,0.9,2,0
Arnett Moultrie,PF,47,11.5,3.7,1.7,2.9,58.2,0.0,0.0,0.0,0.4,0.6,64.3,3.1,0.2,0.4,0.2,0.4,1,0
DeQuan Jones,SF,63,12.7,3.7,1.5,3.5,43.6,0.1,0.6,25.7,0.5,0.8,66.7,1.7,0.3,0.3,0.3,0.5,0,0
Anthony Randolph,SF,39,8.4,3.7,1.4,2.9,49.1,0.0,0.2,0.0,0.8,1.2,68.9,2.4,0.3,0.5,0.5,0.9,1,0
Reggie Williams,SF,40,9.5,3.7,1.4,3.3,43.2,0.6,1.8,30.6,0.3,0.5,47.6,1.3,1.0,0.3,0.0,0.5,0,0
Chris Johnson,SG,8,12.8,3.6,1.4,3.1,44.0,0.8,2.3,33.3,0.1,0.3,50.0,1.4,0.3,0.5,0.0,0.4,0,0
Mirza Teletovic,PF,53,9.4,3.5,1.3,3.5,38.4,0.7,2.0,34.3,0.2,0.2,81.8,1.8,0.4,0.2,0.2,0.4,0,0
Brendan Haywood,C,61,19.0,3.5,1.5,3.5,43.1,0.0,0.0,0.0,0.5,1.1,45.5,4.8,0.5,0.3,0.8,0.8,1,0
Pablo Prigioni,PG,78,16.2,3.5,1.3,2.8,45.5,0.7,1.7,39.6,0.3,0.3,88.0,1.8,3.0,0.9,0.0,1.1,0,0
Donald Sloan,G,23,11.4,3.5,1.2,3.4,34.6,0.3,0.8,36.8,0.9,1.1,80.0,1.2,1.7,0.2,0.0,0.6,0,0
Johan Petro,C,31,11.4,3.5,1.5,3.5,43.6,0.0,0.1,25.0,0.4,0.4,91.7,3.6,0.5,0.3,0.3,0.8,2,0
Jamaal Tinsley,PG,66,18.5,3.5,1.3,3.5,36.8,0.6,1.9,30.7,0.3,0.4,69.2,1.7,4.4,1.0,0.2,1.6,0,0
Luke Walton,SF,50,17.1,3.4,1.4,3.6,39.2,0.4,1.3,29.9,0.2,0.4,50.0,2.9,3.3,0.8,0.3,1.2,0,0
Ryan Hollins,C,60,11.1,3.4,1.2,1.9,61.4,0.0,0.0,0.0,1.1,1.5,75.0,2.3,0.2,0.1,0.6,0.7,0,0
Devin Ebanks,SF,19,10.4,3.4,1.3,3.8,32.9,0.3,1.2,27.3,0.6,0.7,78.6,2.2,0.5,0.2,0.1,0.6,0,0
Dahntay Jones,SG,78,13.0,3.4,1.1,2.8,36.9,0.1,0.6,22.4,1.1,1.4,77.0,1.3,0.6,0.3,0.1,0.5,0,0
Doron Lamb,SG,47,12.3,3.3,1.3,3.5,36.8,0.3,0.8,37.8,0.4,0.7,58.8,1.0,0.7,0.3,0.0,0.6,0,0
Drew Gooden,PF,16,9.4,3.3,1.3,3.8,32.8,0.1,0.3,20.0,0.7,1.0,68.8,1.9,0.4,0.3,0.4,0.6,0,0
Earl Barron,C,12,13.3,3.3,1.5,4.3,35.3,0.0,0.0,0.0,0.3,0.6,42.9,5.1,0.4,0.4,0.5,0.9,1,0
Samardo Samuels,PF,18,10.9,3.2,1.2,3.3,36.7,0.0,0.1,0.0,0.8,1.3,58.3,1.6,0.4,0.2,0.2,0.3,0,0
Royal Ivey,PG,53,13.2,3.2,1.2,2.7,43.1,0.7,1.7,42.0,0.2,0.3,56.3,1.1,0.6,0.4,0.1,0.4,0,0
Grant Hill,SF,29,15.1,3.2,1.3,3.4,38.8,0.1,0.4,27.3,0.5,0.8,58.3,1.7,0.9,0.4,0.2,0.9,0,0
Richard Jefferson,F,56,10.1,3.1,1.1,2.4,45.6,0.3,0.8,31.1,0.7,0.9,71.7,1.5,0.6,0.3,0.1,0.4,0,0
Jeremy Lamb,SG,23,6.4,3.1,1.0,3.0,35.3,0.4,1.3,30.0,0.6,0.6,100.0,0.8,0.2,0.1,0.1,0.3,0,0
Slava Kravtsov,C,25,9.0,3.1,1.3,1.8,71.7,0.0,0.0,0.0,0.4,1.5,29.7,1.8,0.4,0.2,0.4,0.6,1,0
Juwan Howard,PF,7,7.3,3.0,1.4,2.7,52.6,0.0,0.0,0.0,0.1,0.1,100.0,1.1,0.9,0.0,0.0,0.6,0,0
Ronnie Brewer,SF,60,14.2,3.0,1.2,3.3,35.4,0.4,1.3,30.3,0.3,0.7,41.0,2.3,0.8,0.7,0.1,0.3,1,0
Kendall Marshall,PG,48,14.6,3.0,1.2,3.1,37.1,0.5,1.5,31.5,0.2,0.3,57.1,0.9,3.0,0.5,0.1,1.2,0,0
Kevin Jones,PF,32,10.4,3.0,1.3,3.3,40.2,0.0,0.0,0.0,0.3,0.5,60.0,2.4,0.3,0.3,0.2,0.3,1,0
Hedo Turkoglu,SF,11,17.2,2.9,1.3,4.8,26.4,0.1,2.2,4.2,0.3,0.5,50.0,2.4,2.1,0.6,0.1,1.1,0,0
Kim English,SG,41,9.9,2.9,1.0,2.7,37.5,0.3,1.2,28.0,0.5,0.7,72.4,0.9,0.6,0.4,0.1,0.5,0,0
Chris Duhon,PG,46,17.8,2.9,1.0,2.7,38.2,0.7,2.0,36.3,0.1,0.3,46.2,1.5,2.9,0.4,0.0,0.9,1,0
Draymond Green,PF,79,13.4,2.9,1.1,3.3,32.7,0.2,0.8,20.9,0.6,0.7,81.8,3.3,0.7,0.5,0.3,0.6,0,0
Bernard James,C,46,9.9,2.8,1.2,2.2,51.5,0.0,0.0,0.0,0.5,0.9,61.0,2.8,0.1,0.3,0.8,0.4,0,0
Aaron Gray,C,42,12.2,2.8,1.1,2.1,53.3,0.0,0.0,0.0,0.5,1.0,52.3,3.2,0.8,0.2,0.1,0.9,1,0
Chris Douglas-Roberts,SG,6,10.5,2.8,0.8,2.3,35.7,0.0,0.7,0.0,1.2,1.7,70.0,0.8,0.7,0.3,0.0,0.2,0,0
Maalik Wayns,PG,27,7.5,2.8,1.0,3.3,29.5,0.3,1.1,22.6,0.6,0.7,89.5,0.3,1.0,0.2,0.0,0.6,0,0
Hamed Ehaddadi,C,30,10.7,2.8,1.2,2.7,42.7,0.0,0.0,0.0,0.5,0.9,51.9,3.7,0.4,0.2,0.9,1.0,0,0
Daequan Cook,SG,49,9.0,2.8,1.0,3.4,30.5,0.5,1.9,28.6,0.2,0.2,75.0,1.2,0.4,0.2,0.1,0.3,0,0
Nolan Smith,PG,40,7.2,2.8,1.1,2.9,36.8,0.2,0.7,21.4,0.5,0.7,71.4,0.7,0.9,0.2,0.0,0.7,0,0
Ronnie Price,PG,39,13.1,2.7,1.0,3.1,32.5,0.3,1.0,25.6,0.4,0.6,70.8,1.1,1.9,0.7,0.1,0.9,0,0
Aron Baynes,C,16,8.8,2.7,1.1,2.3,50.0,0.0,0.1,0.0,0.4,0.8,58.3,2.0,0.3,0.1,0.4,0.7,0,0
Chuck Hayes,PF,74,16.3,2.7,1.1,2.6,44.2,0.0,0.0,0.0,0.4,0.6,62.5,4.0,1.5,0.4,0.2,0.6,0,0
Sasha Pavlovic,SG,39,13.5,2.6,1.1,3.1,35.3,0.5,1.5,30.0,0.0,0.2,16.7,1.4,0.8,0.6,0.1,0.4,0,0
Nazr Mohammed,C,63,11.0,2.6,1.0,2.9,36.7,0.0,0.0,0.0,0.5,0.7,72.3,3.1,0.4,0.3,0.5,0.4,2,0
Timofey Mozgov,C,41,8.9,2.6,1.1,2.1,50.6,0.0,0.0,0.0,0.5,0.6,76.9,2.6,0.2,0.1,0.4,0.6,1,0
Joel Freeland,C,51,9.4,2.6,1.1,2.8,40.8,0.0,0.0,0.0,0.4,0.5,66.7,2.3,0.3,0.3,0.2,0.4,0,0
Tony Wroten,SG,35,7.8,2.6,0.9,2.5,38.4,0.1,0.5,25.0,0.6,0.8,72.4,0.8,1.2,0.2,0.1,0.8,0,0
Daniel Orton,C,13,8.0,2.5,0.9,2.0,46.2,0.0,0.0,0.0,0.7,1.3,52.9,2.0,0.3,0.3,0.2,0.3,0,0
Lance Thomas,F,59,10.9,2.5,0.9,1.8,50.0,0.0,0.0,0.0,0.7,1.0,72.9,1.9,0.3,0.2,0.1,0.2,0,0
Lazar Hayward,SF,4,7.8,2.5,0.5,2.5,20.0,0.0,1.0,0.0,1.5,1.5,100.0,1.0,0.8,0.5,0.0,0.0,0,0
Kurt Thomas,PF,39,10.1,2.5,1.2,2.1,54.2,0.0,0.0,100.0,0.2,0.3,46.2,2.3,0.5,0.3,0.4,0.2,0,0
Jan Vesely,PF,51,11.8,2.5,1.1,2.2,50.0,0.0,0.0,0.0,0.2,0.8,30.8,2.4,0.5,0.3,0.3,0.5,0,0
Festus Ezeli,C,78,14.4,2.4,0.9,2.2,43.8,0.0,0.0,0.0,0.6,1.0,53.1,4.0,0.3,0.3,0.9,0.8,0,0
Hasheem Thabeet,C,66,11.7,2.4,1.0,1.6,60.4,0.0,0.0,0.0,0.5,0.8,60.4,3.0,0.2,0.5,0.9,0.6,1,0
Ish Smith,PG,52,9.9,2.4,1.1,3.1,35.2,0.2,0.5,29.6,0.1,0.1,42.9,1.2,1.7,0.4,0.2,0.7,0,0
Cory Higgins,PG,6,5.3,2.3,1.0,3.2,31.6,0.2,0.8,20.0,0.2,0.3,50.0,0.5,0.8,0.5,0.0,0.0,0,0
Perry Jones,SF,38,7.4,2.3,1.0,2.6,39.4,0.0,0.1,0.0,0.3,0.4,66.7,1.6,0.3,0.1,0.2,0.4,0,0
Darius Miller,SF,52,13.3,2.3,0.8,2.1,40.7,0.4,1.1,39.3,0.2,0.2,100.0,1.5,0.8,0.3,0.2,0.4,0,0
Tyshawn Taylor,PG,38,5.8,2.2,0.8,2.3,36.8,0.2,0.3,46.2,0.4,0.7,55.6,0.5,0.6,0.3,0.0,0.7,0,0
Cole Aldrich,C,45,8.6,2.2,1.0,1.8,55.0,0.0,0.0,0.0,0.3,0.4,60.0,2.7,0.2,0.1,0.5,0.5,2,0
James White,SG,57,7.6,2.2,0.9,2.0,43.1,0.2,0.7,34.1,0.2,0.3,57.9,0.8,0.5,0.2,0.1,0.3,0,0
Diante Garrett,PG,19,7.8,2.1,0.8,2.6,32.7,0.2,0.8,20.0,0.3,0.5,50.0,0.8,1.6,0.5,0.0,0.8,0,0
Marquis Teague,G,48,8.2,2.1,0.9,2.4,38.1,0.1,0.5,17.4,0.2,0.3,56.3,0.9,1.3,0.2,0.1,0.7,0,0
Jeremy Evans,F,37,5.8,2.0,0.7,1.2,61.4,0.0,0.0,0.0,0.6,0.9,63.6,1.6,0.3,0.2,0.4,0.2,0,0
Kent Bazemore,SF,61,4.4,2.0,0.7,1.9,37.1,0.2,0.6,29.4,0.4,0.7,61.4,0.4,0.4,0.3,0.1,0.3,0,0
Earl Watson,PG,48,17.3,2.0,0.8,2.5,30.8,0.1,0.6,17.9,0.4,0.5,68.0,1.8,4.0,0.8,0.2,1.4,0,0
Jon Leuer,F,28,6.7,2.0,0.9,1.9,48.1,0.0,0.1,0.0,0.2,0.5,46.2,1.3,0.3,0.2,0.0,0.3,0,0
Josh Selby,PG,10,5.9,2.0,0.6,2.2,27.3,0.1,0.6,16.7,0.7,1.1,63.6,0.5,0.4,0.2,0.0,0.7,0,0
Jared Cunningham,G,8,3.3,2.0,0.8,1.8,42.9,0.3,0.4,66.7,0.3,0.3,100.0,0.4,0.1,0.1,0.0,0.3,0,0
Henry Sims,C,2,2.5,2.0,1.0,1.5,66.7,0.0,0.0,0.0,0.0,0.0,0.0,1.0,0.0,0.0,0.0,0.5,0,0
Dominic McGuire,PF,26,14.9,2.0,0.9,2.2,42.9,0.0,0.0,0.0,0.1,0.4,30.0,3.0,0.8,0.5,0.4,0.5,0,0
Lou Amundson,PF,39,9.5,1.9,0.8,2.1,39.5,0.0,0.0,0.0,0.3,0.9,33.3,2.7,0.3,0.4,0.3,0.5,0,0
Charles Jenkins,PG,59,7.5,1.9,0.8,2.1,40.5,0.0,0.0,50.0,0.2,0.4,54.5,0.5,0.7,0.3,0.0,0.4,0,0
Kwame Brown,C,22,12.2,1.9,0.8,1.7,45.9,0.0,0.0,0.0,0.3,0.9,36.8,3.4,0.4,0.3,0.5,0.4,0,0
Ronny Turiaf,C,65,10.8,1.9,0.8,1.5,50.5,0.0,0.0,0.0,0.4,1.0,36.5,2.3,0.5,0.3,0.5,0.4,0,0
Marcus Camby,C,24,10.4,1.8,0.7,2.2,32.1,0.0,0.0,0.0,0.3,0.8,42.1,3.3,0.6,0.3,0.6,0.6,0,0
Julyan Stone,G,4,7.0,1.8,0.5,0.5,100.0,0.0,0.0,0.0,0.8,1.0,75.0,0.8,0.5,0.3,0.0,0.5,0,0
Josh Harrellson,C,6,5.2,1.7,0.7,1.5,44.4,0.2,0.8,20.0,0.2,0.3,50.0,1.2,0.0,0.2,0.2,0.5,0,0
Josh Emmanuel Akognon,PG,3,3.0,1.7,0.7,1.3,50.0,0.3,0.7,50.0,0.0,0.0,0.0,0.3,0.3,0.0,0.0,0.0,0,0
James Jones,SG,38,5.8,1.6,0.6,1.6,34.4,0.4,1.4,30.2,0.1,0.1,50.0,0.6,0.3,0.1,0.2,0.1,0,0
Tornike Shengelia,SF,19,4.9,1.6,0.5,1.2,43.5,0.1,0.1,50.0,0.5,0.8,56.3,1.2,0.2,0.2,0.1,0.6,1,0
DeAndre Liggins,G,39,7.4,1.5,0.5,1.2,44.7,0.2,0.5,36.8,0.2,0.5,50.0,1.4,0.4,0.5,0.1,0.4,0,0
Chris Quinn,PG,7,11.1,1.4,0.6,2.3,25.0,0.0,0.7,0.0,0.3,0.3,100.0,0.3,1.3,0.4,0.0,0.9,0,0
Joel Anthony,C,62,9.1,1.4,0.6,1.1,51.5,0.0,0.0,0.0,0.3,0.5,60.7,1.9,0.2,0.2,0.7,0.4,0,0
Robert Sacre,C,32,6.3,1.3,0.6,1.5,37.5,0.0,0.0,0.0,0.2,0.3,63.6,1.1,0.2,0.0,0.3,0.3,0,0
Scott Machado,G,6,3.5,1.3,0.5,1.0,50.0,0.0,0.2,0.0,0.3,0.3,100.0,0.2,1.0,0.3,0.0,1.3,0,0
Vladimir Radmanovic,SF,25,5.8,1.3,0.5,1.7,30.2,0.2,1.1,18.5,0.1,0.1,66.7,1.1,0.3,0.3,0.2,0.3,0,0
Quincy Miller,F,7,3.7,1.3,0.6,1.7,33.3,0.0,0.1,0.0,0.1,0.3,50.0,0.3,0.4,0.1,0.0,0.1,0,0
Malcolm Thomas,PF,12,4.8,1.3,0.4,0.8,50.0,0.0,0.0,0.0,0.4,0.7,62.5,1.3,0.3,0.2,0.2,0.3,0,0
Luke Zeller,PF,16,3.6,1.2,0.6,1.6,34.6,0.1,0.3,20.0,0.0,0.0,0.0,0.6,0.2,0.0,0.0,0.0,0,0
Jared Jeffries,PF,38,9.2,1.2,0.4,1.4,29.6,0.0,0.1,0.0,0.3,0.6,52.2,1.6,0.4,0.2,0.2,0.4,0,0
Jason Collins,C,38,10.1,1.1,0.2,0.8,31.0,0.0,0.0,0.0,0.6,0.8,71.9,1.6,0.2,0.3,0.3,0.5,0,0
Jeremy Tyler,C,21,3.2,1.0,0.4,1.1,37.5,0.0,0.0,0.0,0.2,0.3,66.7,1.0,0.0,0.0,0.1,0.3,0,0
Josh Childress,F,14,7.1,1.0,0.4,1.5,28.6,0.1,0.2,33.3,0.1,0.1,50.0,1.1,0.4,0.1,0.1,0.0,0,0
DaJuan Summers,SF,2,3.5,1.0,0.5,2.0,25.0,0.0,0.0,0.0,0.0,0.0,0.0,1.0,0.5,0.0,0.0,0.0,0,0
Tim Ohlbrecht,PF,3,4.0,1.0,0.3,1.0,33.3,0.0,0.0,0.0,0.3,0.3,100.0,0.3,0.3,0.3,0.0,1.3,0,0
Kris Joseph,SF,10,5.4,0.9,0.2,1.4,14.3,0.0,0.3,0.0,0.5,0.8,62.5,0.7,0.1,0.3,0.0,0.2,0,0
Tyler Honeycutt,SF,9,3.6,0.9,0.3,1.2,27.3,0.0,0.2,0.0,0.2,0.2,100.0,1.1,0.2,0.0,0.1,0.6,0,0
Kevin Murphy,SG,17,3.1,0.9,0.4,1.6,25.0,0.1,0.3,20.0,0.0,0.0,0.0,0.2,0.1,0.1,0.0,0.2,0,0
Terrel Harris,SG,20,6.9,0.8,0.2,1.4,14.8,0.0,0.4,0.0,0.4,0.5,70.0,1.3,0.5,0.1,0.2,0.9,0,0
DeSagana Diop,C,22,10.3,0.7,0.4,1.2,29.6,0.0,0.0,0.0,0.0,0.0,0.0,2.3,0.6,0.2,0.7,0.4,0,0
Dexter Pittman,C,11,2.9,0.7,0.4,1.0,36.4,0.0,0.0,0.0,0.0,0.3,0.0,1.1,0.0,0.0,0.0,0.3,0,0
Chris Wright,PG,3,1.3,0.7,0.3,0.7,50.0,0.0,0.0,0.0,0.0,0.0,0.0,0.0,0.0,0.0,0.0,0.3,0,0
Jarvis Varnado,PF,13,4.5,0.6,0.2,0.5,42.9,0.0,0.0,0.0,0.2,0.3,50.0,0.7,0.2,0.1,0.2,0.5,0,0
Andris Biedrins,C,53,9.3,0.5,0.2,0.4,47.6,0.0,0.0,0.0,0.1,0.2,30.8,2.9,0.3,0.3,0.8,0.3,0,0
Will Conroy,PG,4,5.0,0.3,0.0,2.3,0.0,0.0,0.8,0.0,0.3,0.5,50.0,0.3,0.0,0.0,0.0,0.0,0,0
Joel Przybilla,C,12,5.7,0.2,0.1,0.3,25.0,0.0,0.0,0.0,0.0,0.2,0.0,1.8,0.3,0.1,0.2,0.3,0,0
